anio	comuna	codigo_comuna	region	id_region	habitantes	indice_de_desarrollo_humano	indice_pobreza_multidimensional	v	v_ranking	v_cat	v1	v1_cat	v3	v3_cat	v2	v2_cat	v_gauge	v1_gauge	v2_gauge	v3_gauge
2024	Iquique	01101	Tarapacá	1	230595	0.685	0.183	0.563	61	ALTO	0.592	ALTO	0.46	MEDIO BAJO	0.637	ALTO	0.8	0.82	0.89	0.31
2024	Alto Hospicio	01107	Tarapacá	1	140282	0.578	0.326	0.576	40	ALTO	0.511	MEDIO ALTO	0.663	ALTO	0.554	MEDIO ALTO	0.87	0.57	0.735	0.951
2024	Pozo Almonte	01401	Tarapacá	1	18452	0.617	0.25	0.482	188	MEDIO BAJO	0.445	MEDIO BAJO	0.491	MEDIO BAJO	0.509	MEDIO ALTO	0.377	0.346	0.578	0.44
2024	Camiña	01402	Tarapacá	1	1379	0.463	0.223	NA	NA	NA	0.366	BAJO	NA	NA	0.358	BAJO	NA	0.072	0.043	NA
2024	Colchane	01403	Tarapacá	1	1569	0.407	0.3	NA	NA	NA	0.366	BAJO	NA	NA	0.403	BAJO	NA	0.072	0.175	NA
2024	Huara	01404	Tarapacá	1	3080	0.515	0.386	NA	NA	NA	0.36	BAJO	NA	NA	0.374	BAJO	NA	0.046	0.092	NA
2024	Pica	01405	Tarapacá	1	6231	0.627	0.168	0.442	255	BAJO	0.363	BAJO	0.548	MEDIO ALTO	0.414	BAJO	0.155	0.055	0.21	0.682
2024	Antofagasta	02101	Antofagasta	2	441211	0.696	0.167	0.561	64	ALTO	0.616	ALTO	0.464	MEDIO BAJO	0.602	ALTO	0.79	0.863	0.828	0.333
2024	Mejillones	02102	Antofagasta	2	15659	0.647	0.199	0.511	149	MEDIO ALTO	0.51	MEDIO ALTO	0.358	BAJO	0.666	ALTO	0.513	0.567	0.936	0.095
2024	Sierra Gorda	02103	Antofagasta	2	1792	0.618	0.165	NA	NA	NA	0.577	ALTO	NA	NA	0.69	ALTO	NA	0.756	0.968	NA
2024	Taltal	02104	Antofagasta	2	13929	0.64	0.211	0.458	224	MEDIO BAJO	0.51	MEDIO ALTO	0.43	BAJO	0.435	MEDIO BAJO	0.257	0.567	0.285	0.207
2024	Calama	02201	Antofagasta	2	195423	0.689	0.168	0.537	110	MEDIO ALTO	0.597	ALTO	0.504	MEDIO BAJO	0.509	MEDIO ALTO	0.637	0.826	0.578	0.493
2024	Ollagüe	02202	Antofagasta	2	274	NA	0.161	NA	NA	NA	0.392	BAJO	NA	NA	0.366	BAJO	NA	0.158	0.08	NA
2024	San Pedro de Atacama	02203	Antofagasta	2	10929	0.565	0.225	0.479	196	MEDIO BAJO	0.379	BAJO	0.482	MEDIO BAJO	0.576	ALTO	0.36	0.112	0.785	0.41
2024	Tocopilla	02301	Antofagasta	2	28333	0.631	0.205	0.575	43	ALTO	0.589	ALTO	0.586	ALTO	0.549	MEDIO ALTO	0.863	0.814	0.695	0.854
2024	María Elena	02302	Antofagasta	2	6592	0.702	0.152	0.394	288	BAJO	0.376	BAJO	0.441	BAJO	0.366	BAJO	0.049	0.106	0.08	0.243
2024	Copiapó	03101	Atacama	3	175240	0.688	0.198	0.542	101	MEDIO ALTO	0.605	ALTO	0.539	MEDIO ALTO	0.483	MEDIO BAJO	0.673	0.846	0.494	0.647
2024	Caldera	03102	Atacama	3	19860	0.668	0.197	0.449	245	BAJO	0.534	MEDIO ALTO	0.476	MEDIO BAJO	0.337	BAJO	0.188	0.634	0.023	0.393
2024	Tierra Amarilla	03103	Atacama	3	14419	0.568	0.345	NA	NA	NA	0.424	MEDIO BAJO	NA	NA	0.374	BAJO	NA	0.288	0.092	NA
2024	Chañaral	03201	Atacama	3	13062	0.63	0.228	NA	NA	NA	0.396	BAJO	NA	NA	0.554	MEDIO ALTO	NA	0.178	0.735	NA
2024	Diego de Almagro	03202	Atacama	3	14019	0.72	0.189	0.414	275	BAJO	0.464	MEDIO BAJO	0.45	MEDIO BAJO	0.329	BAJO	0.089	0.424	0.017	0.267
2024	Vallenar	03301	Atacama	3	57338	0.659	0.165	0.533	118	MEDIO ALTO	0.567	MEDIO ALTO	0.602	ALTO	0.43	MEDIO BAJO	0.61	0.724	0.282	0.896
2024	Alto Del Carmen	03302	Atacama	3	5775	0.566	0.279	0.396	286	BAJO	0.354	BAJO	0.469	MEDIO BAJO	0.366	BAJO	0.053	0.023	0.08	0.357
2024	Freirina	03303	Atacama	3	7810	0.604	0.286	0.39	291	BAJO	0.361	BAJO	0.423	BAJO	0.385	BAJO	0.036	0.049	0.121	0.188
2024	Huasco	03304	Atacama	3	11525	0.647	0.178	0.489	180	MEDIO BAJO	0.381	BAJO	0.438	BAJO	0.647	ALTO	0.407	0.124	0.91	0.23
2024	La Serena	04101	Coquimbo	4	263144	0.695	0.131	0.615	12	ALTO	0.64	ALTO	0.504	MEDIO BAJO	0.7	ALTO	0.967	0.913	0.98	0.493
2024	Coquimbo	04102	Coquimbo	4	271095	0.651	0.167	0.571	52	ALTO	0.625	ALTO	0.526	MEDIO ALTO	0.562	MEDIO ALTO	0.833	0.884	0.747	0.599
2024	Andacollo	04103	Coquimbo	4	11833	0.618	0.194	0.532	122	MEDIO ALTO	0.455	MEDIO BAJO	0.747	ALTO	0.393	BAJO	0.6	0.39	0.132	0.994
2024	La Higuera	04104	Coquimbo	4	4517	0.521	0.295	NA	NA	NA	0.399	BAJO	NA	NA	0.419	BAJO	NA	0.19	0.221	NA
2024	Paihuano	04105	Coquimbo	4	4705	0.572	0.151	0.451	243	BAJO	0.354	BAJO	0.58	ALTO	0.419	BAJO	0.197	0.023	0.221	0.825
2024	Vicuña	04106	Coquimbo	4	30370	0.581	0.195	0.541	102	MEDIO ALTO	0.433	MEDIO BAJO	0.644	ALTO	0.546	MEDIO ALTO	0.663	0.311	0.692	0.938
2024	Illapel	04201	Coquimbo	4	32987	0.634	0.17	0.505	157	MEDIO BAJO	0.48	MEDIO BAJO	0.564	ALTO	0.472	MEDIO BAJO	0.48	0.459	0.442	0.76
2024	Canela	04202	Coquimbo	4	9524	0.516	0.239	0.406	281	BAJO	0.418	MEDIO BAJO	0.453	MEDIO BAJO	0.348	BAJO	0.069	0.267	0.037	0.28
2024	Los Vilos	04203	Coquimbo	4	24170	0.559	0.209	0.522	135	MEDIO ALTO	0.558	MEDIO ALTO	0.47	MEDIO BAJO	0.538	MEDIO ALTO	0.553	0.706	0.674	0.36
2024	Salamanca	04204	Coquimbo	4	29743	0.649	0.14	0.442	256	BAJO	0.399	BAJO	0.562	MEDIO ALTO	0.366	BAJO	0.155	0.19	0.08	0.75
2024	Ovalle	04301	Coquimbo	4	123724	0.597	0.18	0.521	136	MEDIO ALTO	0.513	MEDIO ALTO	0.508	MEDIO ALTO	0.544	MEDIO ALTO	0.55	0.576	0.677	0.507
2024	Combarbalá	04302	Coquimbo	4	13870	0.561	0.224	0.511	150	MEDIO ALTO	0.422	MEDIO BAJO	0.61	ALTO	0.501	MEDIO ALTO	0.513	0.279	0.552	0.909
2024	Monte Patria	04303	Coquimbo	4	32657	0.533	0.232	0.491	177	MEDIO BAJO	0.388	BAJO	0.503	MEDIO BAJO	0.584	ALTO	0.413	0.147	0.799	0.487
2024	Punitaqui	04304	Coquimbo	4	12438	0.571	0.268	0.483	187	MEDIO BAJO	0.401	BAJO	0.518	MEDIO ALTO	0.531	MEDIO ALTO	0.38	0.201	0.648	0.575
2024	Río Hurtado	04305	Coquimbo	4	4326	0.596	0.228	NA	NA	NA	0.346	BAJO	NA	NA	0.504	MEDIO ALTO	NA	0.011	0.558	NA
2024	Valparaíso	05101	Valparaíso	5	319745	0.625	0.191	0.616	10	ALTO	0.628	ALTO	0.452	MEDIO BAJO	0.769	ALTO	0.97	0.895	0.997	0.273
2024	Casablanca	05102	Valparaíso	5	30212	0.625	0.196	0.561	65	ALTO	0.521	MEDIO ALTO	0.42	BAJO	0.743	ALTO	0.79	0.608	0.988	0.178
2024	Concón	05103	Valparaíso	5	47642	0.769	0.134	0.622	9	ALTO	0.791	ALTO	0.548	MEDIO ALTO	0.528	MEDIO ALTO	0.977	0.997	0.645	0.682
2024	Juan Fernández	05104	Valparaíso	5	1087	0.69	0.056	NA	NA	NA	0.48	MEDIO BAJO	NA	NA	0.411	BAJO	NA	0.459	0.207	NA
2024	Puchuncaví	05105	Valparaíso	5	20959	0.606	0.316	0.544	95	MEDIO ALTO	0.694	ALTO	0.416	BAJO	0.523	MEDIO ALTO	0.69	0.962	0.622	0.161
2024	Quintero	05107	Valparaíso	5	38040	0.605	0.234	0.535	115	MEDIO ALTO	0.578	ALTO	0.474	MEDIO BAJO	0.554	MEDIO ALTO	0.62	0.765	0.735	0.38
2024	Viña del Mar	05109	Valparaíso	5	369303	0.696	0.149	0.643	3	ALTO	0.688	ALTO	0.499	MEDIO BAJO	0.743	ALTO	0.993	0.959	0.988	0.473
2024	Isla de Pascua	05201	Valparaíso	5	8743	0.674	0.125	0.398	284	BAJO	0.462	MEDIO BAJO	0.321	BAJO	0.411	BAJO	0.062	0.416	0.207	0.046
2024	Los Andes	05301	Valparaíso	5	68788	0.675	0.152	0.594	25	ALTO	0.656	ALTO	0.519	MEDIO ALTO	0.607	ALTO	0.923	0.936	0.834	0.579
2024	Calle Larga	05302	Valparaíso	5	17388	0.641	0.145	0.564	60	ALTO	0.526	MEDIO ALTO	0.608	ALTO	0.557	MEDIO ALTO	0.803	0.622	0.741	0.906
2024	Rinconada	05303	Valparaíso	5	11847	0.681	0.251	0.478	199	MEDIO BAJO	0.573	MEDIO ALTO	0.431	BAJO	0.43	MEDIO BAJO	0.343	0.738	0.282	0.211
2024	San Esteban	05304	Valparaíso	5	21493	0.66	0.21	0.488	182	MEDIO BAJO	0.528	MEDIO ALTO	0.444	BAJO	0.493	MEDIO ALTO	0.397	0.628	0.529	0.25
2024	La Ligua	05401	Valparaíso	5	38259	0.57	0.236	0.493	175	MEDIO BAJO	0.519	MEDIO ALTO	0.518	MEDIO ALTO	0.44	MEDIO BAJO	0.423	0.602	0.334	0.575
2024	Cabildo	05402	Valparaíso	5	20748	0.6	0.205	0.472	208	MEDIO BAJO	0.456	MEDIO BAJO	0.476	MEDIO BAJO	0.485	MEDIO BAJO	0.313	0.392	0.5	0.393
2024	Papudo	05403	Valparaíso	5	6385	0.637	0.189	0.452	238	BAJO	0.588	ALTO	0.296	BAJO	0.472	MEDIO BAJO	0.214	0.808	0.442	0.036
2024	Petorca	05404	Valparaíso	5	10615	0.566	0.165	0.417	272	BAJO	0.366	BAJO	0.31	BAJO	0.576	ALTO	0.099	0.072	0.785	0.043
2024	Zapallar	05405	Valparaíso	5	8281	0.695	0.266	0.607	15	ALTO	0.63	ALTO	0.495	MEDIO BAJO	0.696	ALTO	0.953	0.898	0.971	0.453
2024	Quillota	05501	Valparaíso	5	100196	0.626	0.155	0.571	53	ALTO	0.62	ALTO	0.447	MEDIO BAJO	0.645	ALTO	0.833	0.872	0.907	0.26
2024	Calera	05502	Valparaíso	5	53855	0.595	0.167	0.562	63	ALTO	0.605	ALTO	0.552	MEDIO ALTO	0.528	MEDIO ALTO	0.793	0.846	0.645	0.709
2024	Hijuelas	05503	Valparaíso	5	19389	0.592	0.223	0.478	200	MEDIO BAJO	0.494	MEDIO ALTO	0.518	MEDIO ALTO	0.422	BAJO	0.343	0.509	0.244	0.575
2024	La Cruz	05504	Valparaíso	5	27279	0.715	0.14	NA	NA	NA	0.612	ALTO	NA	NA	0.512	MEDIO ALTO	NA	0.855	0.59	NA
2024	Nogales	05506	Valparaíso	5	23621	0.618	0.151	0.491	178	MEDIO BAJO	0.537	MEDIO ALTO	0.506	MEDIO BAJO	0.43	MEDIO BAJO	0.413	0.64	0.282	0.497
2024	San Antonio	05601	Valparaíso	5	98169	0.602	0.142	0.498	164	MEDIO BAJO	0.597	ALTO	0.423	BAJO	0.475	MEDIO BAJO	0.46	0.826	0.471	0.188
2024	Algarrobo	05602	Valparaíso	5	15886	0.624	0.196	0.597	22	ALTO	0.811	ALTO	0.408	BAJO	0.573	ALTO	0.93	1	0.776	0.141
2024	Cartagena	05603	Valparaíso	5	26652	0.515	0.284	0.572	48	ALTO	0.6	ALTO	0.462	MEDIO BAJO	0.655	ALTO	0.847	0.831	0.922	0.32
2024	El Quisco	05604	Valparaíso	5	18593	0.549	0.117	0.556	75	ALTO	0.727	ALTO	0.296	BAJO	0.645	ALTO	0.757	0.983	0.907	0.036
2024	El Tabo	05605	Valparaíso	5	15006	0.539	0.207	0.604	17	ALTO	0.736	ALTO	0.43	BAJO	0.645	ALTO	0.947	0.985	0.907	0.207
2024	Santo Domingo	05606	Valparaíso	5	12456	0.728	0.161	0.678	2	ALTO	0.718	ALTO	0.732	ALTO	0.584	ALTO	0.997	0.98	0.799	0.99
2024	San Felipe	05701	Valparaíso	5	86062	0.632	0.172	0.552	79	MEDIO ALTO	0.578	ALTO	0.467	MEDIO BAJO	0.61	ALTO	0.74	0.765	0.846	0.35
2024	Catemu	05702	Valparaíso	5	15600	0.568	0.185	0.515	141	MEDIO ALTO	0.452	MEDIO BAJO	0.664	ALTO	0.43	MEDIO BAJO	0.533	0.375	0.282	0.955
2024	Llaillay	05703	Valparaíso	5	27119	0.629	0.155	0.53	126	MEDIO ALTO	0.493	MEDIO ALTO	0.576	ALTO	0.52	MEDIO ALTO	0.587	0.506	0.619	0.812
2024	Panquehue	05704	Valparaíso	5	7794	0.596	0.183	0.445	251	BAJO	0.488	MEDIO BAJO	0.5	MEDIO BAJO	0.348	BAJO	0.168	0.491	0.037	0.477
2024	Putaendo	05705	Valparaíso	5	17945	0.552	0.232	0.512	145	MEDIO ALTO	0.488	MEDIO BAJO	0.618	ALTO	0.43	MEDIO BAJO	0.52	0.491	0.282	0.912
2024	Santa María	05706	Valparaíso	5	16827	0.6	0.198	0.454	230	BAJO	0.446	MEDIO BAJO	0.496	MEDIO BAJO	0.422	BAJO	0.237	0.352	0.244	0.46
2024	Quilpué	05801	Valparaíso	5	172073	0.675	0.16	0.594	26	ALTO	0.684	ALTO	0.381	BAJO	0.716	ALTO	0.923	0.956	0.983	0.118
2024	Limache	05802	Valparaíso	5	51289	0.623	0.176	0.513	143	MEDIO ALTO	0.628	ALTO	0.465	MEDIO BAJO	0.446	MEDIO BAJO	0.53	0.895	0.346	0.337
2024	Olmué	05803	Valparaíso	5	20013	0.6	0.261	0.431	264	BAJO	0.546	MEDIO ALTO	0.392	BAJO	0.355	BAJO	0.128	0.663	0.04	0.125
2024	Villa Alemana	05804	Valparaíso	5	145490	0.67	0.15	0.545	93	MEDIO ALTO	0.656	ALTO	0.38	BAJO	0.599	ALTO	0.697	0.936	0.826	0.112
2024	Rancagua	06101	Libertador General Bernardo O'Higgins	6	272290	0.658	0.147	0.592	28	ALTO	0.642	ALTO	0.516	MEDIO ALTO	0.618	ALTO	0.91	0.916	0.866	0.562
2024	Codegua	06102	Libertador General Bernardo O'Higgins	6	14504	0.615	0.182	0.469	215	MEDIO BAJO	0.443	MEDIO BAJO	0.498	MEDIO BAJO	0.464	MEDIO BAJO	0.287	0.343	0.407	0.467
2024	Coinco	06103	Libertador General Bernardo O'Higgins	6	7983	0.556	0.219	NA	NA	NA	0.522	MEDIO ALTO	NA	NA	0.645	ALTO	NA	0.61	0.907	NA
2024	Coltauco	06104	Libertador General Bernardo O'Higgins	6	21936	0.566	0.164	0.497	167	MEDIO BAJO	0.496	MEDIO ALTO	0.593	ALTO	0.403	BAJO	0.45	0.517	0.175	0.873
2024	Doñihue	06105	Libertador General Bernardo O'Higgins	6	23425	0.611	0.151	0.548	84	MEDIO ALTO	0.513	MEDIO ALTO	0.456	MEDIO BAJO	0.674	ALTO	0.727	0.576	0.948	0.29
2024	Graneros	06106	Libertador General Bernardo O'Higgins	6	37793	0.597	0.133	0.416	273	BAJO	0.592	ALTO	0.335	BAJO	0.321	BAJO	0.095	0.82	0.014	0.056
2024	Las Cabras	06107	Libertador General Bernardo O'Higgins	6	27520	0.537	0.165	0.444	253	BAJO	0.409	BAJO	0.463	MEDIO BAJO	0.459	MEDIO BAJO	0.161	0.227	0.398	0.327
2024	Machalí	06108	Libertador General Bernardo O'Higgins	6	63642	0.78	0.129	0.558	73	ALTO	0.627	ALTO	0.497	MEDIO BAJO	0.551	MEDIO ALTO	0.767	0.89	0.698	0.463
2024	Malloa	06109	Libertador General Bernardo O'Higgins	6	14274	0.526	0.134	0.52	137	MEDIO ALTO	0.414	BAJO	0.626	ALTO	0.52	MEDIO ALTO	0.547	0.244	0.619	0.925
2024	Mostazal	06110	Libertador General Bernardo O'Higgins	6	28295	0.594	0.21	0.474	205	MEDIO BAJO	0.52	MEDIO ALTO	0.401	BAJO	0.501	MEDIO ALTO	0.327	0.605	0.552	0.132
2024	Olivar	06111	Libertador General Bernardo O'Higgins	6	14919	0.643	0.184	0.556	76	ALTO	0.463	MEDIO BAJO	0.758	ALTO	0.448	MEDIO BAJO	0.757	0.422	0.369	0.997
2024	Peumo	06112	Libertador General Bernardo O'Higgins	6	15018	0.586	0.108	0.448	246	BAJO	0.446	MEDIO BAJO	0.531	MEDIO ALTO	0.366	BAJO	0.184	0.352	0.08	0.623
2024	Pichidegua	06113	Libertador General Bernardo O'Higgins	6	21009	0.539	0.13	0.44	258	BAJO	0.419	MEDIO BAJO	0.381	BAJO	0.52	MEDIO ALTO	0.145	0.27	0.619	0.118
2024	Quinta de Tilcoco	06114	Libertador General Bernardo O'Higgins	6	14194	0.544	0.148	0.503	159	MEDIO BAJO	0.468	MEDIO BAJO	0.549	MEDIO ALTO	0.493	MEDIO ALTO	0.473	0.439	0.529	0.692
2024	Rengo	06115	Libertador General Bernardo O'Higgins	6	65318	0.571	0.136	0.572	49	ALTO	0.576	ALTO	0.566	ALTO	0.573	ALTO	0.847	0.753	0.776	0.766
2024	Requinoa	06116	Libertador General Bernardo O'Higgins	6	31410	0.627	0.168	0.536	113	MEDIO ALTO	0.451	MEDIO BAJO	0.729	ALTO	0.427	BAJO	0.63	0.366	0.25	0.984
2024	San Vicente	06117	Libertador General Bernardo O'Higgins	6	51910	0.595	0.171	0.505	158	MEDIO BAJO	0.478	MEDIO BAJO	0.438	BAJO	0.599	ALTO	0.48	0.453	0.826	0.23
2024	Pichilemu	06201	Libertador General Bernardo O'Higgins	6	18587	0.566	0.181	0.569	55	ALTO	0.621	ALTO	0.459	MEDIO BAJO	0.626	ALTO	0.82	0.878	0.878	0.3
2024	La Estrella	06202	Libertador General Bernardo O'Higgins	6	3103	0.564	0.159	NA	NA	NA	0.443	MEDIO BAJO	NA	NA	0.538	MEDIO ALTO	NA	0.343	0.674	NA
2024	Litueche	06203	Libertador General Bernardo O'Higgins	6	6909	0.533	0.278	0.45	244	BAJO	0.435	MEDIO BAJO	0.518	MEDIO ALTO	0.395	BAJO	0.191	0.32	0.135	0.575
2024	Marchihue	06204	Libertador General Bernardo O'Higgins	6	7699	0.558	0.167	0.374	294	BAJO	0.391	BAJO	0.349	BAJO	0.382	BAJO	0.026	0.152	0.098	0.082
2024	Navidad	06205	Libertador General Bernardo O'Higgins	6	7081	0.517	0.206	0.471	211	MEDIO BAJO	0.515	MEDIO ALTO	0.344	BAJO	0.554	MEDIO ALTO	0.303	0.59	0.735	0.069
2024	Paredones	06206	Libertador General Bernardo O'Higgins	6	6284	0.457	0.212	0.498	165	MEDIO BAJO	0.358	BAJO	0.632	ALTO	0.504	MEDIO ALTO	0.46	0.04	0.558	0.929
2024	San Fernando	06301	Libertador General Bernardo O'Higgins	6	80547	0.626	0.136	0.581	38	ALTO	0.58	ALTO	0.579	ALTO	0.584	ALTO	0.88	0.773	0.799	0.821
2024	Chépica	06302	Libertador General Bernardo O'Higgins	6	16106	0.496	0.164	0.536	114	MEDIO ALTO	0.408	BAJO	0.706	ALTO	0.493	MEDIO ALTO	0.63	0.218	0.529	0.974
2024	Chimbarongo	06303	Libertador General Bernardo O'Higgins	6	38288	0.556	0.175	0.482	189	MEDIO BAJO	0.439	MEDIO BAJO	0.569	ALTO	0.438	MEDIO BAJO	0.377	0.331	0.323	0.773
2024	Lolol	06304	Libertador General Bernardo O'Higgins	6	7420	0.511	0.22	0.458	225	MEDIO BAJO	0.416	MEDIO BAJO	0.527	MEDIO ALTO	0.43	MEDIO BAJO	0.257	0.259	0.282	0.61
2024	Nancagua	06305	Libertador General Bernardo O'Higgins	6	19589	0.539	0.155	0.459	222	MEDIO BAJO	0.452	MEDIO BAJO	0.456	MEDIO BAJO	0.467	MEDIO BAJO	0.263	0.375	0.43	0.29
2024	Palmilla	06306	Libertador General Bernardo O'Higgins	6	13534	0.575	0.181	0.444	254	BAJO	0.375	BAJO	0.572	ALTO	0.385	BAJO	0.161	0.095	0.121	0.792
2024	Peralillo	06307	Libertador General Bernardo O'Higgins	6	12100	0.567	0.158	0.453	234	BAJO	0.395	BAJO	0.56	MEDIO ALTO	0.403	BAJO	0.23	0.164	0.175	0.743
2024	Placilla	06308	Libertador General Bernardo O'Higgins	6	9259	0.555	0.19	NA	NA	NA	0.389	BAJO	NA	NA	0.438	MEDIO BAJO	NA	0.149	0.323	NA
2024	Pumanque	06309	Libertador General Bernardo O'Higgins	6	3520	0.489	0.147	NA	NA	NA	0.396	BAJO	NA	NA	0.348	BAJO	NA	0.178	0.037	NA
2024	Santa Cruz	06310	Libertador General Bernardo O'Higgins	6	42235	0.596	0.106	0.502	160	MEDIO BAJO	0.515	MEDIO ALTO	0.527	MEDIO ALTO	0.464	MEDIO BAJO	0.47	0.59	0.407	0.61
2024	Talca	07101	Maule	7	241064	0.658	0.106	0.57	54	ALTO	0.655	ALTO	0.546	MEDIO ALTO	0.509	MEDIO ALTO	0.823	0.927	0.578	0.671
2024	Constitución	07102	Maule	7	50601	0.582	0.172	0.517	140	MEDIO ALTO	0.497	MEDIO ALTO	0.515	MEDIO ALTO	0.538	MEDIO ALTO	0.537	0.526	0.674	0.555
2024	Curepto	07103	Maule	7	9209	0.5	0.125	0.526	131	MEDIO ALTO	0.376	BAJO	0.649	ALTO	0.554	MEDIO ALTO	0.567	0.106	0.735	0.945
2024	Empedrado	07104	Maule	7	4185	0.453	0.181	0.394	289	BAJO	0.341	BAJO	0.456	MEDIO BAJO	0.385	BAJO	0.049	0.003	0.121	0.29
2024	Maule	07105	Maule	7	66867	0.614	0.11	0.445	252	BAJO	0.421	MEDIO BAJO	0.51	MEDIO ALTO	0.403	BAJO	0.168	0.276	0.175	0.521
2024	Pelarco	07106	Maule	7	9331	0.562	0.206	0.544	96	MEDIO ALTO	0.375	BAJO	0.684	ALTO	0.573	ALTO	0.69	0.095	0.776	0.968
2024	Pencahue	07107	Maule	7	8625	0.588	0.206	NA	NA	NA	0.392	BAJO	NA	NA	0.403	BAJO	NA	0.158	0.175	NA
2024	Río Claro	07108	Maule	7	15042	0.519	0.208	0.456	229	BAJO	0.388	BAJO	0.46	MEDIO BAJO	0.52	MEDIO ALTO	0.243	0.147	0.619	0.31
2024	San Clemente	07109	Maule	7	47590	0.523	0.18	0.573	46	ALTO	0.458	MEDIO BAJO	0.57	ALTO	0.69	ALTO	0.853	0.398	0.968	0.776
2024	San Rafael	07110	Maule	7	10294	0.541	0.12	NA	NA	NA	0.408	BAJO	NA	NA	0.422	BAJO	NA	0.218	0.244	NA
2024	Cauquenes	07201	Maule	7	44389	0.544	0.161	0.537	111	MEDIO ALTO	0.552	MEDIO ALTO	0.588	ALTO	0.472	MEDIO BAJO	0.637	0.692	0.442	0.864
2024	Chanco	07202	Maule	7	9278	0.513	0.228	0.453	235	BAJO	0.375	BAJO	0.572	ALTO	0.411	BAJO	0.23	0.095	0.207	0.792
2024	Pelluhue	07203	Maule	7	8361	0.538	0.202	0.453	236	BAJO	0.504	MEDIO ALTO	0.509	MEDIO ALTO	0.348	BAJO	0.23	0.555	0.037	0.51
2024	Curicó	07301	Maule	7	169681	0.624	0.174	0.602	18	ALTO	0.614	ALTO	0.582	ALTO	0.61	ALTO	0.943	0.86	0.846	0.841
2024	Hualañé	07302	Maule	7	10230	0.516	0.161	0.533	119	MEDIO ALTO	0.403	BAJO	0.713	ALTO	0.483	MEDIO BAJO	0.61	0.21	0.494	0.977
2024	Licantén	07303	Maule	7	6989	0.57	0.144	0.526	132	MEDIO ALTO	0.505	MEDIO ALTO	0.597	ALTO	0.475	MEDIO BAJO	0.567	0.558	0.471	0.886
2024	Molina	07304	Maule	7	51539	0.544	0.179	0.511	151	MEDIO ALTO	0.465	MEDIO BAJO	0.475	MEDIO BAJO	0.594	ALTO	0.513	0.433	0.811	0.383
2024	Rauco	07305	Maule	7	11632	0.539	0.187	0.447	247	BAJO	0.484	MEDIO BAJO	0.346	BAJO	0.512	MEDIO ALTO	0.181	0.468	0.59	0.079
2024	Romeral	07306	Maule	7	16742	0.595	0.164	0.452	239	BAJO	0.453	MEDIO BAJO	0.466	MEDIO BAJO	0.438	MEDIO BAJO	0.214	0.381	0.323	0.343
2024	Sagrada Familia	07307	Maule	7	19692	0.562	0.166	0.485	184	MEDIO BAJO	0.35	BAJO	0.693	ALTO	0.411	BAJO	0.393	0.014	0.207	0.971
2024	Teno	07308	Maule	7	31639	0.545	0.187	0.47	212	MEDIO BAJO	0.418	MEDIO BAJO	0.556	MEDIO ALTO	0.438	MEDIO BAJO	0.297	0.267	0.323	0.733
2024	Vichuquén	07309	Maule	7	4329	0.568	0.202	NA	NA	NA	0.455	MEDIO BAJO	NA	NA	0.366	BAJO	NA	0.39	0.08	NA
2024	Linares	07401	Maule	7	103303	0.619	0.105	0.547	85	MEDIO ALTO	0.535	MEDIO ALTO	0.596	ALTO	0.509	MEDIO ALTO	0.72	0.637	0.578	0.883
2024	Colbún	07402	Maule	7	23262	0.566	0.204	0.425	267	BAJO	0.415	BAJO	0.449	MEDIO BAJO	0.411	BAJO	0.115	0.25	0.207	0.263
2024	Longaví	07403	Maule	7	33467	0.492	0.215	0.424	268	BAJO	0.393	BAJO	0.513	MEDIO ALTO	0.366	BAJO	0.112	0.161	0.08	0.548
2024	Parral	07404	Maule	7	45347	0.559	0.136	0.52	138	MEDIO ALTO	0.539	MEDIO ALTO	0.545	MEDIO ALTO	0.475	MEDIO BAJO	0.547	0.645	0.471	0.668
2024	Retiro	07405	Maule	7	21397	0.474	0.189	0.418	270	BAJO	0.374	BAJO	0.476	MEDIO BAJO	0.403	BAJO	0.105	0.083	0.175	0.393
2024	San Javier	07406	Maule	7	50985	0.556	0.155	0.513	144	MEDIO ALTO	0.429	MEDIO BAJO	0.666	ALTO	0.446	MEDIO BAJO	0.53	0.302	0.346	0.961
2024	Villa Alegre	07407	Maule	7	17913	0.574	0.133	0.348	300	BAJO	0.415	MEDIO BAJO	0.09	BAJO	0.538	MEDIO ALTO	0.007	0.256	0.674	0.003
2024	Yerbas Buenas	07408	Maule	7	19658	0.523	0.167	0.452	240	BAJO	0.385	BAJO	0.459	MEDIO BAJO	0.512	MEDIO ALTO	0.214	0.132	0.59	0.3
2024	Concepción	08101	Biobío	8	239443	0.719	0.115	0.627	7	ALTO	0.7	ALTO	0.539	MEDIO ALTO	0.642	ALTO	0.98	0.971	0.892	0.647
2024	Coronel	08102	Biobío	8	128253	0.609	0.136	0.559	70	ALTO	0.658	ALTO	0.484	MEDIO BAJO	0.536	MEDIO ALTO	0.773	0.945	0.654	0.42
2024	Chiguayante	08103	Biobío	8	91805	0.711	0.109	0.607	16	ALTO	0.657	ALTO	0.583	ALTO	0.581	ALTO	0.953	0.939	0.791	0.844
2024	Florida	08104	Biobío	8	11868	0.561	0.274	0.457	226	BAJO	0.423	MEDIO BAJO	0.507	MEDIO BAJO	0.44	MEDIO BAJO	0.25	0.282	0.334	0.5
2024	Hualqui	08105	Biobío	8	26632	0.56	0.209	0.495	172	MEDIO BAJO	0.581	ALTO	0.439	BAJO	0.467	MEDIO BAJO	0.433	0.779	0.43	0.234
2024	Lota	08106	Biobío	8	45490	0.569	0.175	0.494	173	MEDIO BAJO	0.617	ALTO	0.529	MEDIO ALTO	0.337	BAJO	0.427	0.869	0.023	0.613
2024	Penco	08107	Biobío	8	50125	0.633	0.115	0.565	59	ALTO	0.632	ALTO	0.561	MEDIO ALTO	0.501	MEDIO ALTO	0.81	0.904	0.552	0.747
2024	San Pedro de la Paz	08108	Biobío	8	151833	0.723	0.095	0.601	19	ALTO	0.683	ALTO	0.531	MEDIO ALTO	0.589	ALTO	0.94	0.953	0.805	0.623
2024	Santa Juana	08109	Biobío	8	14870	0.558	0.193	0.489	181	MEDIO BAJO	0.496	MEDIO ALTO	0.587	ALTO	0.385	BAJO	0.407	0.517	0.121	0.857
2024	Talcahuano	08110	Biobío	8	158222	0.674	0.106	0.594	27	ALTO	0.701	ALTO	0.491	MEDIO BAJO	0.589	ALTO	0.923	0.974	0.805	0.44
2024	Tomé	08111	Biobío	8	59069	0.608	0.153	0.572	50	ALTO	0.627	ALTO	0.571	ALTO	0.517	MEDIO ALTO	0.847	0.89	0.596	0.782
2024	Hualpén	08112	Biobío	8	97902	0.668	0.097	0.576	41	ALTO	0.548	MEDIO ALTO	0.581	ALTO	0.599	ALTO	0.87	0.677	0.826	0.834
2024	Lebu	08201	Biobío	8	27146	0.54	0.264	0.528	128	MEDIO ALTO	0.574	MEDIO ALTO	0.581	ALTO	0.43	MEDIO BAJO	0.58	0.747	0.282	0.834
2024	Arauco	08202	Biobío	8	38890	0.61	0.171	0.499	162	MEDIO BAJO	0.563	MEDIO ALTO	0.541	MEDIO ALTO	0.393	BAJO	0.463	0.715	0.132	0.658
2024	Cañete	08203	Biobío	8	37349	0.503	0.273	0.543	98	MEDIO ALTO	0.487	MEDIO BAJO	0.596	ALTO	0.546	MEDIO ALTO	0.677	0.483	0.692	0.883
2024	Contulmo	08204	Biobío	8	6351	0.504	0.233	0.527	130	MEDIO ALTO	0.515	MEDIO ALTO	0.645	ALTO	0.422	BAJO	0.573	0.59	0.244	0.942
2024	Curanilahue	08205	Biobío	8	33938	0.577	0.198	0.551	81	MEDIO ALTO	0.588	ALTO	0.565	ALTO	0.501	MEDIO ALTO	0.733	0.808	0.552	0.763
2024	Los Alamos	08206	Biobío	8	22856	0.519	0.195	0.539	105	MEDIO ALTO	0.572	MEDIO ALTO	0.553	MEDIO ALTO	0.493	MEDIO ALTO	0.657	0.733	0.529	0.723
2024	Tirúa	08207	Biobío	8	11088	0.356	0.341	0.346	301	BAJO	0.356	BAJO	0.272	BAJO	0.409	BAJO	0.003	0.029	0.178	0.016
2024	Los Angeles	08301	Biobío	8	222593	0.64	0.141	0.599	21	ALTO	0.563	MEDIO ALTO	0.584	ALTO	0.65	ALTO	0.937	0.715	0.913	0.847
2024	Antuco	08302	Biobío	8	4322	0.561	0.136	0.507	156	MEDIO BAJO	0.358	BAJO	0.714	ALTO	0.448	MEDIO BAJO	0.483	0.04	0.369	0.981
2024	Cabrero	08303	Biobío	8	31023	0.569	0.17	0.446	249	BAJO	0.523	MEDIO ALTO	0.373	BAJO	0.44	MEDIO BAJO	0.174	0.613	0.334	0.105
2024	Laja	08304	Biobío	8	23913	0.616	0.163	0.479	197	MEDIO BAJO	0.526	MEDIO ALTO	0.474	MEDIO BAJO	0.438	MEDIO BAJO	0.36	0.622	0.323	0.38
2024	Mulchén	08305	Biobío	8	31109	0.553	0.225	0.539	106	MEDIO ALTO	0.515	MEDIO ALTO	0.556	MEDIO ALTO	0.546	MEDIO ALTO	0.657	0.59	0.692	0.733
2024	Nacimiento	08306	Biobío	8	28016	0.616	0.119	0.547	86	MEDIO ALTO	0.559	MEDIO ALTO	0.574	ALTO	0.509	MEDIO ALTO	0.72	0.709	0.578	0.808
2024	Negrete	08307	Biobío	8	10539	0.572	0.148	0.461	219	MEDIO BAJO	0.4	BAJO	0.527	MEDIO ALTO	0.456	MEDIO BAJO	0.273	0.195	0.39	0.61
2024	Quilaco	08308	Biobío	8	4187	0.549	0.179	NA	NA	NA	0.453	MEDIO BAJO	NA	NA	0.366	BAJO	NA	0.381	0.08	NA
2024	Quilleco	08309	Biobío	8	10000	0.535	0.18	0.452	241	BAJO	0.356	BAJO	0.532	MEDIO ALTO	0.467	MEDIO BAJO	0.214	0.029	0.43	0.63
2024	San Rosendo	08310	Biobío	8	3565	0.616	0.144	NA	NA	NA	0.519	MEDIO ALTO	NA	NA	0.385	BAJO	NA	0.602	0.121	NA
2024	Santa Bárbara	08311	Biobío	8	14657	0.547	0.18	0.532	123	MEDIO ALTO	0.461	MEDIO BAJO	0.56	MEDIO ALTO	0.573	ALTO	0.6	0.413	0.776	0.743
2024	Tucapel	08312	Biobío	8	15379	0.582	0.152	0.44	259	BAJO	0.548	MEDIO ALTO	0.342	BAJO	0.43	MEDIO BAJO	0.145	0.677	0.282	0.066
2024	Yumbel	08313	Biobío	8	22194	0.539	0.161	0.47	213	MEDIO BAJO	0.489	MEDIO BAJO	0.466	MEDIO BAJO	0.456	MEDIO BAJO	0.297	0.494	0.39	0.343
2024	Alto Biobío	08314	Biobío	8	6803	0.298	0.389	0.367	296	BAJO	0.365	BAJO	0.287	BAJO	0.448	MEDIO BAJO	0.02	0.063	0.369	0.026
2024	Temuco	09101	La Araucanía	9	308175	0.687	0.139	0.638	4	ALTO	0.658	ALTO	0.502	MEDIO BAJO	0.753	ALTO	0.99	0.945	0.991	0.483
2024	Carahue	09102	La Araucanía	9	25514	0.438	0.304	0.439	261	BAJO	0.409	BAJO	0.489	MEDIO BAJO	0.419	BAJO	0.138	0.227	0.221	0.433
2024	Cunco	09103	La Araucanía	9	18067	0.477	0.18	0.544	97	MEDIO ALTO	0.472	MEDIO BAJO	0.73	ALTO	0.43	MEDIO BAJO	0.69	0.448	0.282	0.987
2024	Curarrehue	09104	La Araucanía	9	7860	0.345	0.231	0.454	231	BAJO	0.376	BAJO	0.508	MEDIO ALTO	0.477	MEDIO BAJO	0.237	0.106	0.474	0.507
2024	Freire	09105	La Araucanía	9	25487	0.491	0.25	0.446	250	BAJO	0.425	MEDIO BAJO	0.437	BAJO	0.475	MEDIO BAJO	0.174	0.291	0.471	0.217
2024	Galvarino	09106	La Araucanía	9	12588	0.405	0.399	0.496	170	MEDIO BAJO	0.4	BAJO	0.665	ALTO	0.422	BAJO	0.443	0.195	0.244	0.958
2024	Gorbea	09107	La Araucanía	9	15098	0.524	0.198	0.508	155	MEDIO BAJO	0.457	MEDIO BAJO	0.493	MEDIO BAJO	0.576	ALTO	0.487	0.395	0.785	0.447
2024	Lautaro	09108	La Araucanía	9	41624	0.547	0.195	0.578	39	ALTO	0.541	MEDIO ALTO	0.564	ALTO	0.629	ALTO	0.873	0.651	0.887	0.76
2024	Loncoche	09109	La Araucanía	9	24784	0.516	0.157	0.524	134	MEDIO ALTO	0.528	MEDIO ALTO	0.553	MEDIO ALTO	0.491	MEDIO ALTO	0.56	0.628	0.503	0.723
2024	Melipeuco	09110	La Araucanía	9	6309	0.44	0.176	0.447	248	BAJO	0.362	BAJO	0.542	MEDIO ALTO	0.438	MEDIO BAJO	0.181	0.052	0.323	0.664
2024	Nueva Imperial	09111	La Araucanía	9	34077	0.486	0.236	0.493	176	MEDIO BAJO	0.468	MEDIO BAJO	0.492	MEDIO BAJO	0.52	MEDIO ALTO	0.423	0.439	0.619	0.443
2024	Padre Las Casas	09112	La Araucanía	9	84619	0.531	0.198	0.512	146	MEDIO ALTO	0.452	MEDIO BAJO	0.511	MEDIO ALTO	0.573	ALTO	0.52	0.375	0.776	0.534
2024	Perquenco	09113	La Araucanía	9	7262	0.47	0.232	0.482	190	MEDIO BAJO	0.45	MEDIO BAJO	0.511	MEDIO ALTO	0.483	MEDIO BAJO	0.377	0.36	0.494	0.534
2024	Pitrufquén	09114	La Araucanía	9	26499	0.537	0.175	0.574	44	ALTO	0.545	MEDIO ALTO	0.552	MEDIO ALTO	0.626	ALTO	0.857	0.657	0.878	0.709
2024	Pucón	09115	La Araucanía	9	30508	0.564	0.201	0.534	117	MEDIO ALTO	0.58	ALTO	0.442	BAJO	0.581	ALTO	0.617	0.773	0.791	0.247
2024	Saavedra	09116	La Araucanía	9	12693	0.324	0.445	0.474	206	MEDIO BAJO	0.376	BAJO	0.578	ALTO	0.467	MEDIO BAJO	0.327	0.106	0.43	0.815
2024	Teodoro Schmidt	09117	La Araucanía	9	15759	0.358	0.259	NA	NA	NA	0.415	MEDIO BAJO	NA	NA	0.448	MEDIO BAJO	NA	0.256	0.369	NA
2024	Toltén	09118	La Araucanía	9	9966	0.444	0.267	0.397	285	BAJO	0.396	BAJO	0.541	MEDIO ALTO	0.255	BAJO	0.056	0.178	0.006	0.658
2024	Vilcún	09119	La Araucanía	9	32238	0.532	0.227	0.457	227	BAJO	0.443	MEDIO BAJO	0.461	MEDIO BAJO	0.467	MEDIO BAJO	0.25	0.343	0.43	0.317
2024	Villarrica	09120	La Araucanía	9	60327	0.563	0.157	0.567	57	ALTO	0.613	ALTO	0.458	MEDIO BAJO	0.629	ALTO	0.817	0.858	0.887	0.293
2024	Cholchol	09121	La Araucanía	9	12578	0.382	0.365	0.416	274	BAJO	0.38	BAJO	0.464	MEDIO BAJO	0.403	BAJO	0.095	0.115	0.175	0.333
2024	Angol	09201	La Araucanía	9	56644	0.625	0.196	0.584	34	ALTO	0.604	ALTO	0.549	MEDIO ALTO	0.599	ALTO	0.893	0.84	0.826	0.692
2024	Collipulli	09202	La Araucanía	9	26468	0.52	0.221	0.533	120	MEDIO ALTO	0.498	MEDIO ALTO	0.564	ALTO	0.538	MEDIO ALTO	0.61	0.532	0.674	0.76
2024	Curacautín	09203	La Araucanía	9	18210	0.547	0.189	0.472	209	MEDIO BAJO	0.518	MEDIO ALTO	0.44	BAJO	0.456	MEDIO BAJO	0.313	0.596	0.39	0.24
2024	Ercilla	09204	La Araucanía	9	8405	0.374	0.416	NA	NA	NA	0.448	MEDIO BAJO	NA	NA	0.44	MEDIO BAJO	NA	0.355	0.334	NA
2024	Lonquimay	09205	La Araucanía	9	11101	0.424	0.32	0.47	214	MEDIO BAJO	0.357	BAJO	0.603	ALTO	0.448	MEDIO BAJO	0.297	0.034	0.369	0.899
2024	Los Sauces	09206	La Araucanía	9	7484	0.493	0.255	0.502	161	MEDIO BAJO	0.486	MEDIO BAJO	0.594	ALTO	0.427	BAJO	0.47	0.477	0.25	0.877
2024	Lumaco	09207	La Araucanía	9	9947	0.441	0.341	0.4	282	BAJO	0.36	BAJO	0.438	BAJO	0.403	BAJO	0.066	0.046	0.175	0.23
2024	Purén	09208	La Araucanía	9	12118	0.49	0.309	0.459	223	MEDIO BAJO	0.487	MEDIO BAJO	0.486	MEDIO BAJO	0.403	BAJO	0.263	0.483	0.175	0.427
2024	Renaico	09209	La Araucanía	9	10964	0.55	0.166	0.418	271	BAJO	0.431	MEDIO BAJO	0.42	BAJO	0.403	BAJO	0.105	0.308	0.175	0.178
2024	Traiguén	09210	La Araucanía	9	19287	0.537	0.211	0.552	80	MEDIO ALTO	0.509	MEDIO ALTO	0.601	ALTO	0.546	MEDIO ALTO	0.74	0.561	0.692	0.893
2024	Victoria	09211	La Araucanía	9	35541	0.577	0.193	0.546	91	MEDIO ALTO	0.574	MEDIO ALTO	0.571	ALTO	0.493	MEDIO ALTO	0.713	0.747	0.529	0.782
2024	Puerto Montt	10101	Los Lagos	10	278255	0.652	0.155	0.594	24	ALTO	0.603	ALTO	0.482	MEDIO BAJO	0.698	ALTO	0.923	0.834	0.977	0.41
2024	Calbuco	10102	Los Lagos	10	37429	0.537	0.331	0.412	276	BAJO	0.46	MEDIO BAJO	0.34	BAJO	0.438	MEDIO BAJO	0.086	0.41	0.323	0.062
2024	Cochamó	10103	Los Lagos	10	3960	0.497	0.227	NA	NA	NA	0.403	BAJO	NA	NA	0.446	MEDIO BAJO	NA	0.21	0.346	NA
2024	Fresia	10104	Los Lagos	10	12593	0.497	0.286	0.431	263	BAJO	0.404	BAJO	0.46	MEDIO BAJO	0.43	MEDIO BAJO	0.128	0.213	0.282	0.31
2024	Frutillar	10105	Los Lagos	10	20678	0.592	0.203	0.453	232	BAJO	0.558	MEDIO ALTO	0.274	BAJO	0.528	MEDIO ALTO	0.23	0.706	0.645	0.02
2024	Los Muermos	10106	Los Lagos	10	17831	0.494	0.292	0.51	152	MEDIO BAJO	0.401	BAJO	0.589	ALTO	0.538	MEDIO ALTO	0.497	0.201	0.674	0.867
2024	Llanquihue	10107	Los Lagos	10	18811	0.635	0.18	0.48	192	MEDIO BAJO	0.547	MEDIO ALTO	0.412	BAJO	0.48	MEDIO BAJO	0.363	0.669	0.477	0.145
2024	Maullín	10108	Los Lagos	10	14775	0.495	0.302	0.479	193	MEDIO BAJO	0.41	BAJO	0.355	BAJO	0.671	ALTO	0.36	0.233	0.945	0.092
2024	Puerto Varas	10109	Los Lagos	10	50669	0.729	0.14	0.583	35	ALTO	0.631	ALTO	0.474	MEDIO BAJO	0.645	ALTO	0.887	0.901	0.907	0.38
2024	Castro	10201	Los Lagos	10	48482	0.618	0.182	0.46	220	MEDIO BAJO	0.55	MEDIO ALTO	0.359	BAJO	0.472	MEDIO BAJO	0.27	0.686	0.442	0.099
2024	Ancud	10202	Los Lagos	10	42516	0.586	0.23	0.538	107	MEDIO ALTO	0.486	MEDIO BAJO	0.511	MEDIO ALTO	0.618	ALTO	0.647	0.477	0.866	0.534
2024	Chonchi	10203	Los Lagos	10	16213	0.574	0.284	0.478	198	MEDIO BAJO	0.424	MEDIO BAJO	0.535	MEDIO ALTO	0.475	MEDIO BAJO	0.343	0.288	0.471	0.634
2024	Curaco de Vélez	10204	Los Lagos	10	4120	0.605	0.263	0.398	283	BAJO	0.382	BAJO	0.375	BAJO	0.438	MEDIO BAJO	0.062	0.129	0.323	0.109
2024	Dalcahue	10205	Los Lagos	10	15368	0.544	0.286	0.474	203	MEDIO BAJO	0.435	MEDIO BAJO	0.531	MEDIO ALTO	0.456	MEDIO BAJO	0.327	0.32	0.39	0.623
2024	Puqueldón	10206	Los Lagos	10	4191	0.494	0.242	NA	NA	NA	0.375	BAJO	NA	NA	0.485	MEDIO BAJO	NA	0.095	0.5	NA
2024	Queilén	10207	Los Lagos	10	5543	0.524	0.293	0.356	298	BAJO	0.431	MEDIO BAJO	0.446	MEDIO BAJO	0.191	BAJO	0.013	0.308	0.003	0.257
2024	Quellón	10208	Los Lagos	10	29942	0.544	0.299	0.456	228	BAJO	0.46	MEDIO BAJO	0.471	MEDIO BAJO	0.438	MEDIO BAJO	0.243	0.41	0.323	0.363
2024	Quemchi	10209	Los Lagos	10	8760	0.48	0.234	0.369	295	BAJO	0.399	BAJO	0.286	BAJO	0.422	BAJO	0.023	0.19	0.244	0.023
2024	Quinchao	10210	Los Lagos	10	8212	0.569	0.252	0.471	210	MEDIO BAJO	0.396	BAJO	0.542	MEDIO ALTO	0.475	MEDIO BAJO	0.303	0.178	0.471	0.664
2024	Osorno	10301	Los Lagos	10	175670	0.635	0.142	0.599	20	ALTO	0.621	ALTO	0.522	MEDIO ALTO	0.655	ALTO	0.937	0.878	0.922	0.582
2024	Puerto Octay	10302	Los Lagos	10	9089	0.512	0.307	0.391	290	BAJO	0.409	BAJO	0.398	BAJO	0.366	BAJO	0.039	0.227	0.08	0.128
2024	Purranque	10303	Los Lagos	10	20998	0.544	0.258	0.536	112	MEDIO ALTO	0.5	MEDIO ALTO	0.573	ALTO	0.536	MEDIO ALTO	0.63	0.538	0.654	0.799
2024	Puyehue	10304	Los Lagos	10	11813	0.539	0.239	0.511	147	MEDIO BAJO	0.451	MEDIO BAJO	0.626	ALTO	0.456	MEDIO BAJO	0.5	0.366	0.39	0.925
2024	Río Negro	10305	Los Lagos	10	14133	0.561	0.23	0.489	179	MEDIO BAJO	0.469	MEDIO BAJO	0.56	MEDIO ALTO	0.438	MEDIO BAJO	0.407	0.442	0.323	0.743
2024	San Juan de la Costa	10306	Los Lagos	10	7482	0.302	0.389	NA	NA	NA	0.343	BAJO	NA	NA	0.393	BAJO	NA	0.009	0.132	NA
2024	San Pablo	10307	Los Lagos	10	10543	0.568	0.255	0.36	297	BAJO	0.463	MEDIO BAJO	0.242	BAJO	0.374	BAJO	0.016	0.422	0.092	0.01
2024	Chaitén	10401	Los Lagos	10	5061	0.602	0.247	0.383	292	BAJO	0.46	MEDIO BAJO	0.322	BAJO	0.366	BAJO	0.033	0.41	0.08	0.049
2024	Futaleufú	10402	Los Lagos	10	2889	0.565	0.227	NA	NA	NA	0.589	ALTO	NA	NA	0.366	BAJO	NA	0.814	0.08	NA
2024	Hualaihue	10403	Los Lagos	10	9579	0.561	0.262	0.484	185	MEDIO BAJO	0.399	BAJO	0.604	ALTO	0.448	MEDIO BAJO	0.387	0.19	0.369	0.903
2024	Palena	10404	Los Lagos	10	1824	0.616	0.205	NA	NA	NA	0.546	MEDIO ALTO	NA	NA	0.411	BAJO	NA	0.663	0.207	NA
2024	Coyhaique	11101	Aysén del General Carlos Ibáñez del Campo	11	61885	0.7	0.14	0.531	124	MEDIO ALTO	0.586	ALTO	0.482	MEDIO BAJO	0.525	MEDIO ALTO	0.59	0.797	0.625	0.41
2024	Lago Verde	11102	Aysén del General Carlos Ibáñez del Campo	11	915	0.632	0.18	NA	NA	NA	0.499	MEDIO ALTO	NA	NA	0.403	BAJO	NA	0.535	0.175	NA
2024	Aisén	11201	Aysén del General Carlos Ibáñez del Campo	11	25180	0.658	0.128	0.563	62	ALTO	0.576	MEDIO ALTO	0.547	MEDIO ALTO	0.565	MEDIO ALTO	0.8	0.75	0.75	0.675
2024	Cisnes	11202	Aysén del General Carlos Ibáñez del Campo	11	5865	0.644	0.123	0.497	166	MEDIO BAJO	0.584	ALTO	0.541	MEDIO ALTO	0.366	BAJO	0.45	0.791	0.08	0.658
2024	Guaitecas	11203	Aysén del General Carlos Ibáñez del Campo	11	1608	0.527	0.222	NA	NA	NA	0.427	MEDIO BAJO	NA	NA	0.438	MEDIO BAJO	NA	0.299	0.323	NA
2024	Cochrane	11301	Aysén del General Carlos Ibáñez del Campo	11	3731	0.657	0.143	0.46	221	MEDIO BAJO	0.553	MEDIO ALTO	0.423	BAJO	0.403	BAJO	0.27	0.695	0.175	0.188
2024	O'Higgins	11302	Aysén del General Carlos Ibáñez del Campo	11	672	0.664	0.121	NA	NA	NA	0.549	MEDIO ALTO	NA	NA	0.403	BAJO	NA	0.683	0.175	NA
2024	Tortel	11303	Aysén del General Carlos Ibáñez del Campo	11	582	0.581	0.123	NA	NA	NA	0.367	BAJO	NA	NA	0.31	BAJO	NA	0.075	0.011	NA
2024	Chile Chico	11401	Aysén del General Carlos Ibáñez del Campo	11	5157	0.6	0.163	0.493	174	MEDIO BAJO	0.497	MEDIO ALTO	0.579	ALTO	0.403	BAJO	0.423	0.526	0.175	0.821
2024	Río Ibáñez	11402	Aysén del General Carlos Ibáñez del Campo	11	2711	0.536	0.188	NA	NA	NA	0.501	MEDIO ALTO	NA	NA	0.475	MEDIO BAJO	NA	0.547	0.471	NA
2024	Punta Arenas	12101	Magallanes y de la Antártica Chilena	12	144938	0.711	0.071	0.615	11	ALTO	0.648	ALTO	0.526	MEDIO ALTO	0.671	ALTO	0.967	0.924	0.945	0.599
2024	Laguna Blanca	12102	Magallanes y de la Antártica Chilena	12	252	0.733	0.004	NA	NA	NA	0.415	BAJO	NA	NA	0.411	BAJO	NA	0.25	0.207	NA
2024	Río Verde	12103	Magallanes y de la Antártica Chilena	12	205	NA	0.001	NA	NA	NA	0.342	BAJO	NA	NA	0.385	BAJO	NA	0.006	0.121	NA
2024	San Gregorio	12104	Magallanes y de la Antártica Chilena	12	658	0.637	0.094	NA	NA	NA	0.382	BAJO	NA	NA	0.459	MEDIO BAJO	NA	0.129	0.398	NA
2024	Cabo de Hornos	12201	Magallanes y de la Antártica Chilena	12	1973	0.791	0.016	NA	NA	NA	0.47	MEDIO BAJO	NA	NA	0.438	MEDIO BAJO	NA	0.445	0.323	NA
2024	Porvenir	12301	Magallanes y de la Antártica Chilena	12	7570	0.734	0.124	0.538	108	MEDIO ALTO	0.585	ALTO	0.537	MEDIO ALTO	0.493	MEDIO ALTO	0.647	0.794	0.529	0.637
2024	Primavera	12302	Magallanes y de la Antártica Chilena	12	679	0.743	0.08	NA	NA	NA	0.373	BAJO	NA	NA	0.366	BAJO	NA	0.078	0.08	NA
2024	Timaukel	12303	Magallanes y de la Antártica Chilena	12	278	NA	0.034	NA	NA	NA	0.437	MEDIO BAJO	NA	NA	0.385	BAJO	NA	0.326	0.121	NA
2024	Natales	12401	Magallanes y de la Antártica Chilena	12	24447	0.65	0.046	0.527	129	MEDIO ALTO	0.672	ALTO	0.388	BAJO	0.52	MEDIO ALTO	0.573	0.951	0.619	0.122
2024	Torres del Paine	12402	Magallanes y de la Antártica Chilena	12	1069	NA	0.033	NA	NA	NA	0.417	MEDIO BAJO	NA	NA	0.501	MEDIO ALTO	NA	0.262	0.552	NA
2024	Santiago	13101	Metropolitana de Santiago	13	536089	0.662	0.165	0.56	66	ALTO	0.656	ALTO	0.417	BAJO	0.607	ALTO	0.783	0.936	0.834	0.164
2024	Cerrillos	13102	Metropolitana de Santiago	13	90060	0.633	0.226	0.538	109	MEDIO ALTO	0.608	ALTO	0.453	MEDIO BAJO	0.554	MEDIO ALTO	0.647	0.849	0.735	0.28
2024	Cerro Navia	13103	Metropolitana de Santiago	13	140581	0.521	0.23	0.546	87	MEDIO ALTO	0.552	MEDIO ALTO	0.513	MEDIO ALTO	0.573	ALTO	0.713	0.692	0.776	0.548
2024	Conchalí	13104	Metropolitana de Santiago	13	137678	0.587	0.187	0.51	153	MEDIO BAJO	0.582	ALTO	0.44	BAJO	0.507	MEDIO ALTO	0.497	0.785	0.561	0.24
2024	El Bosque	13105	Metropolitana de Santiago	13	170536	0.572	0.175	0.56	67	ALTO	0.582	ALTO	0.481	MEDIO BAJO	0.615	ALTO	0.783	0.785	0.858	0.397
2024	Estación Central	13106	Metropolitana de Santiago	13	219897	0.594	0.228	0.544	94	MEDIO ALTO	0.604	ALTO	0.474	MEDIO BAJO	0.554	MEDIO ALTO	0.69	0.84	0.735	0.38
2024	Huechuraba	13107	Metropolitana de Santiago	13	117121	0.75	0.186	0.571	51	ALTO	0.574	MEDIO ALTO	0.581	ALTO	0.557	MEDIO ALTO	0.833	0.747	0.741	0.834
2024	Independencia	13108	Metropolitana de Santiago	13	151890	0.576	0.224	0.558	71	ALTO	0.581	ALTO	0.539	MEDIO ALTO	0.554	MEDIO ALTO	0.767	0.779	0.735	0.647
2024	La Cisterna	13109	Metropolitana de Santiago	13	101377	0.66	0.135	0.555	77	MEDIO ALTO	0.698	ALTO	0.438	BAJO	0.528	MEDIO ALTO	0.747	0.965	0.645	0.23
2024	La Florida	13110	Metropolitana de Santiago	13	406796	0.701	0.132	0.56	68	ALTO	0.648	ALTO	0.415	BAJO	0.615	ALTO	0.783	0.924	0.858	0.151
2024	La Granja	13111	Metropolitana de Santiago	13	120249	0.568	0.223	0.585	32	ALTO	0.572	MEDIO ALTO	0.591	ALTO	0.592	ALTO	0.897	0.733	0.808	0.87
2024	La Pintana	13112	Metropolitana de Santiago	13	189151	0.498	0.27	0.513	142	MEDIO ALTO	0.437	MEDIO BAJO	0.551	MEDIO ALTO	0.552	MEDIO ALTO	0.53	0.326	0.701	0.699
2024	La Reina	13113	Metropolitana de Santiago	13	99686	0.862	0.049	0.614	13	ALTO	0.648	ALTO	0.426	BAJO	0.769	ALTO	0.96	0.924	0.997	0.194
2024	Las Condes	13114	Metropolitana de Santiago	13	341183	0.936	0.044	0.69	1	ALTO	0.708	ALTO	0.574	ALTO	0.788	ALTO	1	0.977	1	0.808
2024	Lo Barnechea	13115	Metropolitana de Santiago	13	129790	0.909	0.109	0.59	29	ALTO	0.573	MEDIO ALTO	0.582	ALTO	0.615	ALTO	0.907	0.738	0.858	0.841
2024	Lo Espejo	13116	Metropolitana de Santiago	13	101615	0.5	0.288	0.54	103	MEDIO ALTO	0.501	MEDIO ALTO	0.549	MEDIO ALTO	0.57	ALTO	0.66	0.547	0.756	0.692
2024	Lo Prado	13117	Metropolitana de Santiago	13	102923	0.58	0.193	0.484	186	MEDIO BAJO	0.571	MEDIO ALTO	0.352	BAJO	0.528	MEDIO ALTO	0.387	0.727	0.645	0.086
2024	Macul	13118	Metropolitana de Santiago	13	137735	0.732	0.134	0.559	69	ALTO	0.67	ALTO	0.469	MEDIO BAJO	0.538	MEDIO ALTO	0.773	0.948	0.674	0.357
2024	Maipú	13119	Metropolitana de Santiago	13	586337	0.7	0.148	0.548	83	MEDIO ALTO	0.617	ALTO	0.402	BAJO	0.626	ALTO	0.727	0.869	0.878	0.135
2024	Ñuñoa	13120	Metropolitana de Santiago	13	263319	0.858	0.052	0.622	8	ALTO	0.761	ALTO	0.416	BAJO	0.69	ALTO	0.977	0.988	0.968	0.161
2024	Pedro Aguirre Cerda	13121	Metropolitana de Santiago	13	105483	0.564	0.202	0.608	14	ALTO	0.579	ALTO	0.586	ALTO	0.66	ALTO	0.957	0.767	0.93	0.854
2024	Peñalolén	13122	Metropolitana de Santiago	13	271854	0.702	0.166	0.558	72	ALTO	0.566	MEDIO ALTO	0.419	BAJO	0.69	ALTO	0.767	0.718	0.968	0.171
2024	Providencia	13123	Metropolitana de Santiago	13	162837	0.886	0.043	0.63	6	ALTO	0.775	ALTO	0.499	MEDIO BAJO	0.615	ALTO	0.983	0.994	0.858	0.473
2024	Pudahuel	13124	Metropolitana de Santiago	13	260129	0.644	0.169	0.549	82	MEDIO ALTO	0.588	ALTO	0.433	BAJO	0.626	ALTO	0.73	0.808	0.878	0.214
2024	Quilicura	13125	Metropolitana de Santiago	13	271385	0.656	0.17	0.542	99	MEDIO ALTO	0.539	MEDIO ALTO	0.427	BAJO	0.66	ALTO	0.673	0.645	0.93	0.201
2024	Quinta Normal	13126	Metropolitana de Santiago	13	140964	0.604	0.197	0.565	58	ALTO	0.609	ALTO	0.485	MEDIO BAJO	0.599	ALTO	0.81	0.852	0.826	0.423
2024	Recoleta	13127	Metropolitana de Santiago	13	196073	0.59	0.212	0.588	30	ALTO	0.548	MEDIO ALTO	0.552	MEDIO ALTO	0.663	ALTO	0.903	0.677	0.933	0.709
2024	Renca	13128	Metropolitana de Santiago	13	162854	0.585	0.195	0.546	88	MEDIO ALTO	0.557	MEDIO ALTO	0.526	MEDIO ALTO	0.554	MEDIO ALTO	0.713	0.701	0.735	0.599
2024	San Joaquín	13129	Metropolitana de Santiago	13	103420	0.611	0.196	0.556	74	MEDIO ALTO	0.598	ALTO	0.419	BAJO	0.652	ALTO	0.75	0.828	0.916	0.171
2024	San Miguel	13130	Metropolitana de Santiago	13	142549	0.727	0.129	0.596	23	ALTO	0.77	ALTO	0.463	MEDIO BAJO	0.554	MEDIO ALTO	0.927	0.991	0.735	0.327
2024	San Ramón	13131	Metropolitana de Santiago	13	84495	0.54	0.192	0.546	89	MEDIO ALTO	0.529	MEDIO ALTO	0.663	ALTO	0.446	MEDIO BAJO	0.713	0.631	0.346	0.951
2024	Vitacura	13132	Metropolitana de Santiago	13	97388	0.961	0.024	0.637	5	ALTO	0.699	ALTO	0.551	MEDIO ALTO	0.66	ALTO	0.987	0.968	0.93	0.699
2024	Puente Alto	13201	Metropolitana de Santiago	13	664370	0.662	0.189	0.575	42	ALTO	0.584	ALTO	0.461	MEDIO BAJO	0.679	ALTO	0.863	0.791	0.953	0.317
2024	Pirque	13202	Metropolitana de Santiago	13	32412	0.697	0.194	0.451	242	BAJO	0.438	MEDIO BAJO	0.362	BAJO	0.554	MEDIO ALTO	0.197	0.328	0.735	0.102
2024	San José de Maipo	13203	Metropolitana de Santiago	13	19330	0.66	0.244	0.41	279	BAJO	0.41	BAJO	0.339	BAJO	0.483	MEDIO BAJO	0.076	0.233	0.494	0.059
2024	Colina	13301	Metropolitana de Santiago	13	193594	0.745	0.246	0.581	37	ALTO	0.544	MEDIO ALTO	0.501	MEDIO BAJO	0.698	ALTO	0.88	0.654	0.977	0.48
2024	Lampa	13302	Metropolitana de Santiago	13	139266	0.648	0.256	0.498	163	MEDIO BAJO	0.525	MEDIO ALTO	0.406	BAJO	0.562	MEDIO ALTO	0.46	0.616	0.747	0.138
2024	Til Til	13303	Metropolitana de Santiago	13	22262	0.664	0.289	0.394	287	BAJO	0.488	MEDIO BAJO	0.2	BAJO	0.493	MEDIO ALTO	0.049	0.491	0.529	0.007
2024	San Bernardo	13401	Metropolitana de Santiago	13	345583	0.606	0.187	0.539	104	MEDIO ALTO	0.555	MEDIO ALTO	0.451	MEDIO BAJO	0.61	ALTO	0.657	0.698	0.846	0.27
2024	Buin	13402	Metropolitana de Santiago	13	116032	0.655	0.191	0.534	116	MEDIO ALTO	0.549	MEDIO ALTO	0.425	BAJO	0.629	ALTO	0.617	0.683	0.887	0.191
2024	Calera de Tango	13403	Metropolitana de Santiago	13	29880	0.699	0.186	0.479	194	MEDIO BAJO	0.465	MEDIO BAJO	0.553	MEDIO ALTO	0.419	BAJO	0.36	0.433	0.221	0.723
2024	Paine	13404	Metropolitana de Santiago	13	87059	0.598	0.209	0.477	201	MEDIO BAJO	0.435	MEDIO BAJO	0.467	MEDIO BAJO	0.528	MEDIO ALTO	0.333	0.32	0.645	0.35
2024	Melipilla	13501	Metropolitana de Santiago	13	147275	0.573	0.228	0.546	90	MEDIO ALTO	0.481	MEDIO BAJO	0.487	MEDIO BAJO	0.671	ALTO	0.713	0.462	0.945	0.43
2024	Alhué	13502	Metropolitana de Santiago	13	7756	0.6	0.291	0.464	217	MEDIO BAJO	0.547	MEDIO ALTO	0.416	BAJO	0.43	MEDIO BAJO	0.28	0.669	0.282	0.161
2024	Curacaví	13503	Metropolitana de Santiago	13	37932	0.618	0.258	0.485	183	MEDIO BAJO	0.443	MEDIO BAJO	0.512	MEDIO ALTO	0.501	MEDIO ALTO	0.393	0.343	0.552	0.541
2024	María Pinto	13504	Metropolitana de Santiago	13	15503	0.607	0.272	0.407	280	BAJO	0.357	BAJO	0.346	BAJO	0.517	MEDIO ALTO	0.072	0.034	0.596	0.079
2024	San Pedro	13505	Metropolitana de Santiago	13	12412	0.534	0.319	0.422	269	BAJO	0.381	BAJO	0.427	BAJO	0.456	MEDIO BAJO	0.109	0.124	0.39	0.201
2024	Talagante	13601	Metropolitana de Santiago	13	84670	0.65	0.17	0.519	139	MEDIO ALTO	0.541	MEDIO ALTO	0.496	MEDIO BAJO	0.52	MEDIO ALTO	0.54	0.651	0.619	0.46
2024	El Monte	13602	Metropolitana de Santiago	13	41711	0.594	0.23	0.435	262	BAJO	0.518	MEDIO ALTO	0.413	BAJO	0.374	BAJO	0.132	0.596	0.092	0.148
2024	Isla de Maipo	13603	Metropolitana de Santiago	13	41876	0.628	0.229	0.439	260	BAJO	0.465	MEDIO BAJO	0.297	BAJO	0.554	MEDIO ALTO	0.138	0.433	0.735	0.039
2024	Padre Hurtado	13604	Metropolitana de Santiago	13	79925	0.655	0.196	0.573	45	ALTO	0.623	ALTO	0.532	MEDIO ALTO	0.565	ALTO	0.853	0.881	0.753	0.63
2024	Peñaflor	13605	Metropolitana de Santiago	13	105498	0.661	0.151	0.583	36	ALTO	0.578	ALTO	0.484	MEDIO BAJO	0.687	ALTO	0.887	0.765	0.956	0.42
2024	Valdivia	14101	Los Ríos	14	180848	0.678	0.139	0.588	31	ALTO	0.64	ALTO	0.446	MEDIO BAJO	0.679	ALTO	0.903	0.913	0.953	0.257
2024	Corral	14102	Los Ríos	14	5432	0.507	0.232	0.375	293	BAJO	0.412	BAJO	0.249	BAJO	0.464	MEDIO BAJO	0.03	0.239	0.407	0.013
2024	Lanco	14103	Los Ríos	14	17957	0.53	0.156	0.542	100	MEDIO ALTO	0.49	MEDIO BAJO	0.643	ALTO	0.493	MEDIO ALTO	0.673	0.497	0.529	0.935
2024	Los Lagos	14104	Los Ríos	14	20523	0.512	0.241	0.476	202	MEDIO BAJO	0.45	MEDIO BAJO	0.51	MEDIO ALTO	0.467	MEDIO BAJO	0.33	0.36	0.43	0.521
2024	Mafil	14105	Los Ríos	14	7381	0.538	0.229	0.452	237	BAJO	0.501	MEDIO ALTO	0.473	MEDIO BAJO	0.382	BAJO	0.214	0.547	0.098	0.367
2024	Mariquina	14106	Los Ríos	14	23830	0.516	0.266	0.496	168	MEDIO BAJO	0.492	MEDIO BAJO	0.573	ALTO	0.422	BAJO	0.443	0.5	0.244	0.799
2024	Paillaco	14107	Los Ríos	14	20915	0.529	0.172	0.509	154	MEDIO BAJO	0.482	MEDIO BAJO	0.516	MEDIO ALTO	0.528	MEDIO ALTO	0.49	0.465	0.645	0.562
2024	Panguipulli	14108	Los Ríos	14	36178	0.482	0.251	0.524	133	MEDIO ALTO	0.455	MEDIO BAJO	0.643	ALTO	0.475	MEDIO BAJO	0.56	0.39	0.471	0.935
2024	La Unión	14201	Los Ríos	14	39668	0.579	0.186	0.567	56	ALTO	0.567	MEDIO ALTO	0.588	ALTO	0.546	MEDIO ALTO	0.817	0.724	0.692	0.864
2024	Futrono	14202	Los Ríos	14	15211	0.493	0.191	0.511	148	MEDIO ALTO	0.411	BAJO	0.511	MEDIO ALTO	0.61	ALTO	0.513	0.236	0.846	0.534
2024	Lago Ranco	14203	Los Ríos	14	10280	0.459	0.354	0.472	207	MEDIO BAJO	0.388	BAJO	0.553	MEDIO ALTO	0.475	MEDIO BAJO	0.313	0.147	0.471	0.723
2024	Río Bueno	14204	Los Ríos	14	32982	0.623	0.21	0.53	125	MEDIO ALTO	0.514	MEDIO ALTO	0.567	ALTO	0.509	MEDIO ALTO	0.587	0.578	0.578	0.769
2024	Arica	15101	Arica y Parinacota	15	255195	0.633	0.183	0.572	47	ALTO	0.587	ALTO	0.51	MEDIO ALTO	0.618	ALTO	0.847	0.799	0.866	0.521
2024	Camarones	15102	Arica y Parinacota	15	1244	0.58	0.37	NA	NA	NA	0.365	BAJO	NA	NA	0.411	BAJO	NA	0.063	0.207	NA
2024	Putre	15201	Arica y Parinacota	15	2559	NA	0.309	NA	NA	NA	0.354	BAJO	NA	NA	0.385	BAJO	NA	0.023	0.121	NA
2024	General Lagos	15202	Arica y Parinacota	15	804	NA	0.586	NA	NA	NA	0.374	BAJO	NA	NA	0.483	MEDIO BAJO	NA	0.083	0.494	NA
2024	Chillán	16101	Ñuble	16	202826	0.646	0.127	0.554	78	MEDIO ALTO	0.638	ALTO	0.524	MEDIO ALTO	0.501	MEDIO ALTO	0.743	0.907	0.552	0.589
2024	Bulnes	16102	Ñuble	16	22732	0.548	0.101	0.468	216	MEDIO BAJO	0.495	MEDIO ALTO	0.515	MEDIO ALTO	0.393	BAJO	0.283	0.512	0.132	0.555
2024	Chillán Viejo	16103	Ñuble	16	35176	0.613	0.152	0.479	195	MEDIO BAJO	0.498	MEDIO ALTO	0.482	MEDIO BAJO	0.456	MEDIO BAJO	0.36	0.532	0.39	0.41
2024	El Carmen	16104	Ñuble	16	12234	0.472	0.19	0.481	191	MEDIO BAJO	0.379	BAJO	0.598	ALTO	0.467	MEDIO BAJO	0.367	0.112	0.43	0.89
2024	Pemuco	16105	Ñuble	16	8600	0.497	0.201	0.441	257	BAJO	0.427	MEDIO BAJO	0.484	MEDIO BAJO	0.411	BAJO	0.148	0.299	0.207	0.42
2024	Pinto	16106	Ñuble	16	12110	0.521	0.225	0.532	121	MEDIO ALTO	0.486	MEDIO BAJO	0.626	ALTO	0.483	MEDIO BAJO	0.6	0.477	0.494	0.925
2024	Quillón	16107	Ñuble	16	19182	0.529	0.12	0.495	171	MEDIO BAJO	0.497	MEDIO ALTO	0.495	MEDIO BAJO	0.493	MEDIO ALTO	0.433	0.526	0.529	0.453
2024	San Ignacio	16108	Ñuble	16	16614	0.437	0.216	0.474	204	MEDIO BAJO	0.403	BAJO	0.554	MEDIO ALTO	0.467	MEDIO BAJO	0.327	0.21	0.43	0.726
2024	Yungay	16109	Ñuble	16	18784	0.569	0.128	0.43	265	BAJO	0.504	MEDIO ALTO	0.326	BAJO	0.459	MEDIO BAJO	0.122	0.555	0.398	0.053
2024	Quirihue	16201	Ñuble	16	12234	0.554	0.189	0.43	266	BAJO	0.426	MEDIO BAJO	0.572	ALTO	0.292	BAJO	0.122	0.294	0.009	0.792
2024	Cobquecura	16202	Ñuble	16	5238	0.506	0.243	NA	NA	NA	0.459	MEDIO BAJO	NA	NA	0.438	MEDIO BAJO	NA	0.401	0.323	NA
2024	Coelemu	16203	Ñuble	16	16894	0.566	0.184	0.496	169	MEDIO BAJO	0.503	MEDIO ALTO	0.512	MEDIO ALTO	0.475	MEDIO BAJO	0.443	0.549	0.471	0.541
2024	Ninhue	16204	Ñuble	16	5370	0.436	0.214	0.464	218	MEDIO BAJO	0.396	BAJO	0.574	ALTO	0.422	BAJO	0.28	0.178	0.244	0.808
2024	Portezuelo	16205	Ñuble	16	4891	0.444	0.208	NA	NA	NA	0.386	BAJO	NA	NA	0.448	MEDIO BAJO	NA	0.138	0.369	NA
2024	Ranquil	16206	Ñuble	16	6290	0.578	0.155	0.528	127	MEDIO ALTO	0.42	MEDIO BAJO	0.67	ALTO	0.496	MEDIO ALTO	0.58	0.273	0.532	0.964
2024	Treguaco	16207	Ñuble	16	5752	0.487	0.188	0.35	299	BAJO	0.414	BAJO	0.288	BAJO	0.348	BAJO	0.01	0.244	0.037	0.03
2024	San Carlos	16301	Ñuble	16	56886	0.549	0.151	0.545	92	MEDIO ALTO	0.492	MEDIO ALTO	0.622	ALTO	0.52	MEDIO ALTO	0.697	0.503	0.619	0.916
2024	Coihueco	16302	Ñuble	16	28908	0.496	0.245	0.453	233	BAJO	0.386	BAJO	0.524	MEDIO ALTO	0.448	MEDIO BAJO	0.23	0.138	0.369	0.589
2024	Ñiquén	16303	Ñuble	16	11541	0.582	0.192	0.411	277	BAJO	0.365	BAJO	0.355	BAJO	0.512	MEDIO ALTO	0.082	0.063	0.59	0.092
2024	San Fabián	16304	Ñuble	16	4761	0.503	0.15	0.411	278	BAJO	0.475	MEDIO BAJO	0.346	BAJO	0.411	BAJO	0.082	0.451	0.207	0.079
2024	San Nicolás	16305	Ñuble	16	12414	0.546	0.197	0.584	33	ALTO	0.381	BAJO	0.802	ALTO	0.571	ALTO	0.893	0.124	0.759	1
2025	Iquique	01101	Tarapacá	1	199587	0.685	0.183	0.573	58	ALTO	0.599	ALTO	0.465	MEDIO BAJO	0.657	ALTO	0.799	0.84	0.92	0.26
2025	Alto Hospicio	01107	Tarapacá	1	142086	0.578	0.326	0.572	59	ALTO	0.498	MEDIO ALTO	0.612	ALTO	0.607	ALTO	0.796	0.529	0.836	0.924
2025	Pozo Almonte	01401	Tarapacá	1	16878	0.617	0.25	0.483	181	MEDIO BAJO	0.442	MEDIO BAJO	0.5	MEDIO BAJO	0.508	MEDIO ALTO	0.366	0.336	0.583	0.428
2025	Camiña	01402	Tarapacá	1	1335	0.463	0.223	NA	NA	NA	0.348	BAJO	NA	NA	0.289	BAJO	NA	0.017	0.003	NA
2025	Colchane	01403	Tarapacá	1	790	0.407	0.3	NA	NA	NA	0.412	BAJO	NA	NA	0.4	BAJO	NA	0.225	0.185	NA
2025	Huara	01404	Tarapacá	1	2858	0.515	0.386	NA	NA	NA	0.36	BAJO	NA	NA	0.412	BAJO	NA	0.042	0.202	NA
2025	Pica	01405	Tarapacá	1	6272	0.627	0.168	0.397	269	BAJO	0.361	BAJO	0.347	BAJO	0.482	MEDIO ALTO	0.059	0.048	0.509	0.09
2025	Antofagasta	02101	Antofagasta	2	401096	0.696	0.167	0.6	27	ALTO	0.61	ALTO	0.494	MEDIO BAJO	0.697	ALTO	0.908	0.869	0.955	0.384
2025	Mejillones	02102	Antofagasta	2	14084	0.647	0.199	0.547	91	MEDIO ALTO	0.517	MEDIO ALTO	0.505	MEDIO BAJO	0.619	ALTO	0.687	0.61	0.866	0.452
2025	Sierra Gorda	02103	Antofagasta	2	1472	0.618	0.165	NA	NA	NA	0.684	ALTO	NA	NA	0.627	ALTO	NA	0.968	0.881	NA
2025	Taltal	02104	Antofagasta	2	12097	0.64	0.211	0.488	172	MEDIO BAJO	0.514	MEDIO ALTO	0.471	MEDIO BAJO	0.479	MEDIO BAJO	0.398	0.602	0.5	0.281
2025	Calama	02201	Antofagasta	2	166334	0.689	0.168	0.567	66	ALTO	0.607	ALTO	0.568	ALTO	0.525	MEDIO ALTO	0.771	0.855	0.622	0.799
2025	Ollagüe	02202	Antofagasta	2	256	NA	0.161	NA	NA	NA	0.417	BAJO	NA	NA	0.4	BAJO	NA	0.25	0.185	NA
2025	San Pedro de Atacama	02203	Antofagasta	2	9843	0.565	0.225	0.481	183	MEDIO BAJO	0.405	BAJO	0.548	MEDIO ALTO	0.49	MEDIO ALTO	0.359	0.199	0.539	0.729
2025	Tocopilla	02301	Antofagasta	2	25400	0.631	0.205	0.577	57	ALTO	0.572	ALTO	0.548	MEDIO ALTO	0.61	ALTO	0.806	0.753	0.842	0.729
2025	María Elena	02302	Antofagasta	2	4834	0.702	0.152	0.399	266	BAJO	0.385	BAJO	0.453	BAJO	0.359	BAJO	0.069	0.121	0.048	0.233
2025	Copiapó	03101	Atacama	3	168831	0.688	0.198	0.506	142	MEDIO ALTO	0.588	ALTO	0.472	MEDIO BAJO	0.458	MEDIO BAJO	0.504	0.805	0.401	0.288
2025	Caldera	03102	Atacama	3	18805	0.668	0.197	0.403	264	BAJO	0.536	MEDIO ALTO	0.294	BAJO	0.38	BAJO	0.076	0.657	0.099	0.049
2025	Tierra Amarilla	03103	Atacama	3	11846	0.568	0.345	0.451	225	BAJO	0.429	MEDIO BAJO	0.556	ALTO	0.368	BAJO	0.219	0.295	0.06	0.76
2025	Chañaral	03201	Atacama	3	12345	0.63	0.228	0.412	260	BAJO	0.389	BAJO	0.397	BAJO	0.45	MEDIO BAJO	0.09	0.135	0.372	0.128
2025	Diego de Almagro	03202	Atacama	3	11397	0.72	0.189	0.447	229	BAJO	0.51	MEDIO ALTO	0.443	BAJO	0.388	BAJO	0.201	0.57	0.125	0.212
2025	Vallenar	03301	Atacama	3	54222	0.659	0.165	0.525	116	MEDIO ALTO	0.565	MEDIO ALTO	0.541	MEDIO ALTO	0.467	MEDIO BAJO	0.602	0.715	0.43	0.683
2025	Alto Del Carmen	03302	Atacama	3	4788	0.566	0.279	NA	NA	NA	0.357	BAJO	NA	NA	0.368	BAJO	NA	0.037	0.06	NA
2025	Freirina	03303	Atacama	3	7577	0.604	0.286	0.432	245	BAJO	0.36	BAJO	0.578	ALTO	0.359	BAJO	0.142	0.042	0.048	0.833
2025	Huasco	03304	Atacama	3	9369	0.647	0.178	0.467	207	MEDIO BAJO	0.457	MEDIO BAJO	0.484	MEDIO BAJO	0.458	MEDIO BAJO	0.282	0.402	0.401	0.332
2025	La Serena	04101	Coquimbo	4	250141	0.695	0.131	0.569	63	ALTO	0.628	ALTO	0.543	MEDIO ALTO	0.537	MEDIO ALTO	0.782	0.895	0.679	0.69
2025	Coquimbo	04102	Coquimbo	4	263719	0.651	0.167	0.561	73	MEDIO ALTO	0.606	ALTO	0.548	MEDIO ALTO	0.528	MEDIO ALTO	0.746	0.852	0.649	0.729
2025	Andacollo	04103	Coquimbo	4	11566	0.618	0.194	0.508	140	MEDIO ALTO	0.461	MEDIO BAJO	0.723	ALTO	0.339	BAJO	0.518	0.411	0.028	0.993
2025	La Higuera	04104	Coquimbo	4	4335	0.521	0.295	NA	NA	NA	0.4	BAJO	NA	NA	0.388	BAJO	NA	0.174	0.125	NA
2025	Paihuano	04105	Coquimbo	4	4649	0.572	0.151	NA	NA	NA	0.353	BAJO	NA	NA	0.429	MEDIO BAJO	NA	0.02	0.285	NA
2025	Vicuña	04106	Coquimbo	4	28047	0.581	0.195	0.484	180	MEDIO BAJO	0.436	MEDIO BAJO	0.579	ALTO	0.438	MEDIO BAJO	0.373	0.31	0.323	0.837
2025	Illapel	04201	Coquimbo	4	32009	0.634	0.17	0.525	114	MEDIO ALTO	0.482	MEDIO BAJO	0.564	ALTO	0.528	MEDIO ALTO	0.602	0.467	0.649	0.785
2025	Canela	04202	Coquimbo	4	9639	0.516	0.239	NA	NA	NA	0.427	MEDIO BAJO	NA	NA	0.438	MEDIO BAJO	NA	0.286	0.323	NA
2025	Los Vilos	04203	Coquimbo	4	22879	0.559	0.209	0.522	123	MEDIO ALTO	0.566	MEDIO ALTO	0.541	MEDIO ALTO	0.458	MEDIO BAJO	0.57	0.721	0.401	0.683
2025	Salamanca	04204	Coquimbo	4	27823	0.649	0.14	0.468	204	MEDIO BAJO	0.4	BAJO	0.605	ALTO	0.4	BAJO	0.285	0.174	0.185	0.913
2025	Ovalle	04301	Coquimbo	4	118696	0.597	0.18	0.521	124	MEDIO ALTO	0.505	MEDIO ALTO	0.518	MEDIO ALTO	0.54	MEDIO ALTO	0.567	0.549	0.688	0.528
2025	Combarbalá	04302	Coquimbo	4	12954	0.561	0.224	0.442	235	BAJO	0.432	MEDIO BAJO	0.496	MEDIO BAJO	0.397	BAJO	0.177	0.301	0.139	0.39
2025	Monte Patria	04303	Coquimbo	4	29997	0.533	0.232	0.458	217	BAJO	0.394	BAJO	0.531	MEDIO ALTO	0.45	MEDIO BAJO	0.24	0.157	0.372	0.602
2025	Punitaqui	04304	Coquimbo	4	12076	0.571	0.268	0.441	237	BAJO	0.416	BAJO	0.456	BAJO	0.45	MEDIO BAJO	0.174	0.239	0.372	0.243
2025	Río Hurtado	04305	Coquimbo	4	4334	0.596	0.228	NA	NA	NA	0.344	BAJO	NA	NA	0.499	MEDIO ALTO	NA	0.006	0.562	NA
2025	Valparaíso	05101	Valparaíso	5	284938	0.625	0.191	0.563	71	ALTO	0.629	ALTO	0.438	BAJO	0.62	ALTO	0.761	0.898	0.869	0.191
2025	Casablanca	05102	Valparaíso	5	29876	0.625	0.196	0.492	168	MEDIO BAJO	0.511	MEDIO ALTO	0.488	MEDIO BAJO	0.476	MEDIO BAJO	0.415	0.576	0.468	0.349
2025	Concón	05103	Valparaíso	5	48294	0.769	0.134	0.642	6	ALTO	0.74	ALTO	0.591	ALTO	0.595	ALTO	0.982	0.988	0.824	0.865
2025	Juan Fernández	05104	Valparaíso	5	904	0.69	0.056	NA	NA	NA	0.51	MEDIO ALTO	NA	NA	0.42	BAJO	NA	0.57	0.25	NA
2025	Puchuncaví	05105	Valparaíso	5	22539	0.606	0.316	0.501	151	MEDIO BAJO	0.676	ALTO	0.439	BAJO	0.388	BAJO	0.475	0.953	0.125	0.198
2025	Quintero	05107	Valparaíso	5	35754	0.605	0.234	0.528	109	MEDIO ALTO	0.576	ALTO	0.489	MEDIO BAJO	0.52	MEDIO ALTO	0.623	0.762	0.616	0.356
2025	Viña del Mar	05109	Valparaíso	5	334871	0.696	0.149	0.572	60	ALTO	0.684	ALTO	0.466	MEDIO BAJO	0.566	MEDIO ALTO	0.796	0.968	0.75	0.264
2025	Isla de Pascua	05201	Valparaíso	5	4800	0.674	0.125	0.427	250	BAJO	0.621	ALTO	0.331	BAJO	0.33	BAJO	0.125	0.881	0.011	0.069
2025	Los Andes	05301	Valparaíso	5	63440	0.675	0.152	0.562	72	MEDIO ALTO	0.653	ALTO	0.509	MEDIO BAJO	0.525	MEDIO ALTO	0.75	0.936	0.622	0.476
2025	Calle Larga	05302	Valparaíso	5	16597	0.641	0.145	0.59	39	ALTO	0.532	MEDIO ALTO	0.719	ALTO	0.52	MEDIO ALTO	0.866	0.651	0.616	0.99
2025	Rinconada	05303	Valparaíso	5	11855	0.681	0.251	0.474	194	MEDIO BAJO	0.567	MEDIO ALTO	0.516	MEDIO ALTO	0.339	BAJO	0.324	0.733	0.028	0.521
2025	San Esteban	05304	Valparaíso	5	20112	0.66	0.21	0.504	143	MEDIO BAJO	0.524	MEDIO ALTO	0.618	ALTO	0.371	BAJO	0.5	0.622	0.065	0.938
2025	La Ligua	05401	Valparaíso	5	39270	0.57	0.236	0.469	203	MEDIO BAJO	0.514	MEDIO ALTO	0.453	BAJO	0.441	MEDIO BAJO	0.299	0.602	0.34	0.233
2025	Cabildo	05402	Valparaíso	5	20015	0.6	0.205	0.48	186	MEDIO BAJO	0.453	MEDIO BAJO	0.516	MEDIO ALTO	0.47	MEDIO BAJO	0.349	0.369	0.456	0.521
2025	Papudo	05403	Valparaíso	5	7561	0.637	0.189	NA	NA	NA	0.559	MEDIO ALTO	NA	NA	0.458	MEDIO BAJO	NA	0.703	0.401	NA
2025	Petorca	05404	Valparaíso	5	10206	0.566	0.165	0.44	239	BAJO	0.363	BAJO	0.478	MEDIO BAJO	0.479	MEDIO BAJO	0.167	0.056	0.5	0.308
2025	Zapallar	05405	Valparaíso	5	7980	0.695	0.266	0.465	210	MEDIO BAJO	0.666	ALTO	0.133	BAJO	0.595	ALTO	0.264	0.939	0.824	0.014
2025	Quillota	05501	Valparaíso	5	96753	0.626	0.155	0.552	82	MEDIO ALTO	0.604	ALTO	0.536	MEDIO ALTO	0.517	MEDIO ALTO	0.722	0.849	0.601	0.637
2025	Calera	05502	Valparaíso	5	50631	0.595	0.167	0.517	128	MEDIO ALTO	0.592	ALTO	0.52	MEDIO ALTO	0.438	MEDIO BAJO	0.553	0.817	0.323	0.535
2025	Hijuelas	05503	Valparaíso	5	19286	0.592	0.223	0.466	209	MEDIO BAJO	0.492	MEDIO ALTO	0.436	BAJO	0.47	MEDIO BAJO	0.271	0.506	0.456	0.188
2025	La Cruz	05504	Valparaíso	5	24939	0.715	0.14	NA	NA	NA	0.609	ALTO	NA	NA	0.38	BAJO	NA	0.863	0.099	NA
2025	Nogales	05506	Valparaíso	5	22136	0.618	0.151	0.491	170	MEDIO BAJO	0.531	MEDIO ALTO	0.513	MEDIO BAJO	0.429	MEDIO BAJO	0.408	0.642	0.285	0.5
2025	San Antonio	05601	Valparaíso	5	96770	0.602	0.142	0.578	54	ALTO	0.579	ALTO	0.509	MEDIO BAJO	0.645	ALTO	0.817	0.782	0.902	0.476
2025	Algarrobo	05602	Valparaíso	5	16076	0.624	0.196	0.577	56	ALTO	0.802	ALTO	0.49	MEDIO BAJO	0.438	MEDIO BAJO	0.806	0.997	0.323	0.363
2025	Cartagena	05603	Valparaíso	5	24599	0.515	0.284	0.517	129	MEDIO ALTO	0.608	ALTO	0.384	BAJO	0.557	MEDIO ALTO	0.553	0.858	0.735	0.115
2025	El Quisco	05604	Valparaíso	5	18971	0.549	0.117	0.625	14	ALTO	0.713	ALTO	0.525	MEDIO ALTO	0.636	ALTO	0.954	0.983	0.893	0.563
2025	El Tabo	05605	Valparaíso	5	16260	0.539	0.207	0.547	92	MEDIO ALTO	0.709	ALTO	0.376	BAJO	0.555	MEDIO ALTO	0.687	0.98	0.717	0.104
2025	Santo Domingo	05606	Valparaíso	5	13171	0.728	0.161	0.645	4	ALTO	0.675	ALTO	0.724	ALTO	0.537	MEDIO ALTO	0.989	0.951	0.679	0.997
2025	San Felipe	05701	Valparaíso	5	80413	0.632	0.172	0.543	95	MEDIO ALTO	0.571	MEDIO ALTO	0.539	MEDIO ALTO	0.52	MEDIO ALTO	0.669	0.75	0.616	0.662
2025	Catemu	05702	Valparaíso	5	13760	0.568	0.185	0.461	213	MEDIO BAJO	0.456	MEDIO BAJO	0.539	MEDIO ALTO	0.388	BAJO	0.254	0.393	0.125	0.662
2025	Llaillay	05703	Valparaíso	5	25484	0.629	0.155	0.469	201	MEDIO BAJO	0.496	MEDIO ALTO	0.494	MEDIO BAJO	0.418	BAJO	0.299	0.515	0.213	0.384
2025	Panquehue	05704	Valparaíso	5	7269	0.596	0.183	0.507	141	MEDIO ALTO	0.512	MEDIO ALTO	0.651	ALTO	0.359	BAJO	0.507	0.587	0.048	0.962
2025	Putaendo	05705	Valparaíso	5	17336	0.552	0.232	0.462	212	MEDIO BAJO	0.482	MEDIO BAJO	0.544	MEDIO ALTO	0.359	BAJO	0.257	0.467	0.048	0.694
2025	Santa María	05706	Valparaíso	5	15134	0.6	0.198	0.42	257	BAJO	0.456	MEDIO BAJO	0.486	MEDIO BAJO	0.318	BAJO	0.101	0.393	0.006	0.346
2025	Quilpué	05801	Valparaíso	5	162559	0.675	0.16	0.583	50	ALTO	0.667	ALTO	0.486	MEDIO BAJO	0.595	ALTO	0.831	0.942	0.824	0.346
2025	Limache	05802	Valparaíso	5	56145	0.623	0.176	0.499	155	MEDIO BAJO	0.579	ALTO	0.481	MEDIO BAJO	0.438	MEDIO BAJO	0.461	0.782	0.323	0.325
2025	Olmué	05803	Valparaíso	5	19778	0.6	0.261	0.444	232	BAJO	0.536	MEDIO ALTO	0.368	BAJO	0.429	MEDIO BAJO	0.188	0.657	0.285	0.094
2025	Villa Alemana	05804	Valparaíso	5	139571	0.67	0.15	0.496	158	MEDIO BAJO	0.635	ALTO	0.395	BAJO	0.458	MEDIO BAJO	0.447	0.907	0.401	0.125
2025	Rancagua	06101	Libertador General Bernardo O'Higgins	6	257744	0.658	0.147	0.578	53	ALTO	0.625	ALTO	0.532	MEDIO ALTO	0.578	ALTO	0.817	0.887	0.786	0.613
2025	Codegua	06102	Libertador General Bernardo O'Higgins	6	13955	0.615	0.182	0.352	281	BAJO	0.434	MEDIO BAJO	0.283	BAJO	0.339	BAJO	0.017	0.304	0.028	0.035
2025	Coinco	06103	Libertador General Bernardo O'Higgins	6	7916	0.556	0.219	0.509	137	MEDIO ALTO	0.513	MEDIO ALTO	0.516	MEDIO ALTO	0.499	MEDIO ALTO	0.521	0.596	0.562	0.521
2025	Coltauco	06104	Libertador General Bernardo O'Higgins	6	21373	0.566	0.164	0.421	256	BAJO	0.498	MEDIO ALTO	0.336	BAJO	0.429	MEDIO BAJO	0.104	0.529	0.285	0.08
2025	Doñihue	06105	Libertador General Bernardo O'Higgins	6	21925	0.611	0.151	0.513	134	MEDIO ALTO	0.515	MEDIO ALTO	0.506	MEDIO BAJO	0.517	MEDIO ALTO	0.535	0.608	0.601	0.455
2025	Graneros	06106	Libertador General Bernardo O'Higgins	6	35938	0.597	0.133	0.451	226	BAJO	0.584	ALTO	0.4	BAJO	0.368	BAJO	0.219	0.791	0.06	0.135
2025	Las Cabras	06107	Libertador General Bernardo O'Higgins	6	27554	0.537	0.165	0.455	221	BAJO	0.402	BAJO	0.534	MEDIO ALTO	0.429	MEDIO BAJO	0.229	0.18	0.285	0.62
2025	Machalí	06108	Libertador General Bernardo O'Higgins	6	60875	0.78	0.129	0.503	148	MEDIO BAJO	0.614	ALTO	0.476	MEDIO BAJO	0.418	BAJO	0.482	0.875	0.213	0.298
2025	Malloa	06109	Libertador General Bernardo O'Higgins	6	13882	0.526	0.134	0.513	135	MEDIO ALTO	0.412	BAJO	0.516	MEDIO ALTO	0.61	ALTO	0.535	0.225	0.842	0.521
2025	Mostazal	06110	Libertador General Bernardo O'Higgins	6	27394	0.594	0.21	0.488	174	MEDIO BAJO	0.509	MEDIO ALTO	0.505	MEDIO BAJO	0.45	MEDIO BAJO	0.398	0.564	0.372	0.452
2025	Olivar	06111	Libertador General Bernardo O'Higgins	6	13901	0.643	0.184	0.481	184	MEDIO BAJO	0.466	MEDIO BAJO	0.527	MEDIO ALTO	0.45	MEDIO BAJO	0.359	0.42	0.372	0.585
2025	Peumo	06112	Libertador General Bernardo O'Higgins	6	14243	0.586	0.108	0.4	265	BAJO	0.43	MEDIO BAJO	0.392	BAJO	0.38	BAJO	0.073	0.298	0.099	0.122
2025	Pichidegua	06113	Libertador General Bernardo O'Higgins	6	20363	0.539	0.13	NA	NA	NA	0.416	BAJO	0.614	ALTO	NA	NA	NA	0.239	NA	0.931
2025	Quinta de Tilcoco	06114	Libertador General Bernardo O'Higgins	6	13558	0.544	0.148	0.431	246	BAJO	0.477	MEDIO BAJO	0.417	BAJO	0.4	BAJO	0.139	0.452	0.185	0.153
2025	Rengo	06115	Libertador General Bernardo O'Higgins	6	63620	0.571	0.136	0.534	104	MEDIO ALTO	0.567	MEDIO ALTO	0.597	ALTO	0.438	MEDIO BAJO	0.637	0.733	0.323	0.889
2025	Requinoa	06116	Libertador General Bernardo O'Higgins	6	29508	0.627	0.168	0.472	199	MEDIO BAJO	0.454	MEDIO BAJO	0.532	MEDIO ALTO	0.429	MEDIO BAJO	0.303	0.381	0.285	0.613
2025	San Vicente	06117	Libertador General Bernardo O'Higgins	6	49559	0.595	0.171	0.51	136	MEDIO ALTO	0.468	MEDIO BAJO	0.546	MEDIO ALTO	0.517	MEDIO ALTO	0.525	0.423	0.601	0.711
2025	Pichilemu	06201	Libertador General Bernardo O'Higgins	6	19847	0.566	0.181	NA	NA	NA	0.594	ALTO	NA	NA	0.543	MEDIO ALTO	NA	0.826	0.69	NA
2025	La Estrella	06202	Libertador General Bernardo O'Higgins	6	4609	0.564	0.159	0.446	231	BAJO	0.418	MEDIO BAJO	0.403	BAJO	0.517	MEDIO ALTO	0.194	0.256	0.601	0.142
2025	Litueche	06203	Libertador General Bernardo O'Higgins	6	8852	0.533	0.278	0.431	247	BAJO	0.423	MEDIO BAJO	0.471	MEDIO BAJO	0.4	BAJO	0.139	0.265	0.185	0.281
2025	Marchihue	06204	Libertador General Bernardo O'Higgins	6	8715	0.558	0.167	0.433	244	BAJO	0.386	BAJO	0.516	MEDIO ALTO	0.397	BAJO	0.146	0.124	0.139	0.521
2025	Navidad	06205	Libertador General Bernardo O'Higgins	6	8885	0.517	0.206	NA	NA	NA	0.509	MEDIO ALTO	NA	NA	0.578	ALTO	NA	0.564	0.786	NA
2025	Paredones	06206	Libertador General Bernardo O'Higgins	6	7228	0.457	0.212	NA	NA	NA	0.354	BAJO	NA	NA	0.38	BAJO	NA	0.022	0.099	NA
2025	San Fernando	06301	Libertador General Bernardo O'Higgins	6	75585	0.626	0.136	0.58	51	ALTO	0.566	MEDIO ALTO	0.525	MEDIO ALTO	0.648	ALTO	0.824	0.721	0.905	0.563
2025	Chépica	06302	Libertador General Bernardo O'Higgins	6	15668	0.496	0.164	0.557	76	MEDIO ALTO	0.4	BAJO	0.742	ALTO	0.528	MEDIO ALTO	0.743	0.174	0.649	1
2025	Chimbarongo	06303	Libertador General Bernardo O'Higgins	6	37258	0.556	0.175	0.469	202	MEDIO BAJO	0.429	MEDIO BAJO	0.541	MEDIO ALTO	0.438	MEDIO BAJO	0.299	0.295	0.323	0.683
2025	Lolol	06304	Libertador General Bernardo O'Higgins	6	7791	0.511	0.22	0.411	261	BAJO	0.408	BAJO	0.426	BAJO	0.4	BAJO	0.087	0.213	0.185	0.17
2025	Nancagua	06305	Libertador General Bernardo O'Higgins	6	18723	0.539	0.155	0.441	236	BAJO	0.444	MEDIO BAJO	0.478	MEDIO BAJO	0.4	BAJO	0.174	0.342	0.185	0.308
2025	Palmilla	06306	Libertador General Bernardo O'Higgins	6	13060	0.575	0.181	0.474	195	MEDIO BAJO	0.37	BAJO	0.573	ALTO	0.479	MEDIO BAJO	0.324	0.081	0.5	0.812
2025	Peralillo	06307	Libertador General Bernardo O'Higgins	6	12493	0.567	0.158	0.429	248	BAJO	0.391	BAJO	0.456	BAJO	0.441	MEDIO BAJO	0.132	0.143	0.34	0.243
2025	Placilla	06308	Libertador General Bernardo O'Higgins	6	9438	0.555	0.19	NA	NA	NA	0.374	BAJO	NA	NA	0.496	MEDIO ALTO	NA	0.096	0.545	NA
2025	Pumanque	06309	Libertador General Bernardo O'Higgins	6	4559	0.489	0.147	NA	NA	NA	0.372	BAJO	NA	NA	0.33	BAJO	NA	0.093	0.011	NA
2025	Santa Cruz	06310	Libertador General Bernardo O'Higgins	6	41209	0.596	0.106	0.492	167	MEDIO BAJO	0.498	MEDIO ALTO	0.541	MEDIO ALTO	0.438	MEDIO BAJO	0.415	0.529	0.323	0.683
2025	Talca	07101	Maule	7	232131	0.658	0.106	0.585	47	ALTO	0.635	ALTO	0.554	ALTO	0.566	MEDIO ALTO	0.842	0.907	0.75	0.753
2025	Constitución	07102	Maule	7	47004	0.582	0.172	0.501	150	MEDIO BAJO	0.494	MEDIO ALTO	0.481	MEDIO BAJO	0.528	MEDIO ALTO	0.475	0.512	0.649	0.325
2025	Curepto	07103	Maule	7	9519	0.5	0.125	0.508	139	MEDIO ALTO	0.369	BAJO	0.597	ALTO	0.557	MEDIO ALTO	0.518	0.076	0.735	0.889
2025	Empedrado	07104	Maule	7	3990	0.453	0.181	0.434	242	BAJO	0.39	BAJO	0.471	MEDIO BAJO	0.441	MEDIO BAJO	0.153	0.138	0.34	0.281
2025	Maule	07105	Maule	7	61081	0.614	0.11	0.473	198	MEDIO BAJO	0.419	MEDIO BAJO	0.479	MEDIO BAJO	0.52	MEDIO ALTO	0.313	0.259	0.616	0.318
2025	Pelarco	07106	Maule	7	9229	0.562	0.206	0.494	163	MEDIO BAJO	0.371	BAJO	0.644	ALTO	0.467	MEDIO BAJO	0.437	0.084	0.43	0.951
2025	Pencahue	07107	Maule	7	9181	0.588	0.206	0.479	188	MEDIO BAJO	0.382	BAJO	0.674	ALTO	0.38	BAJO	0.345	0.112	0.099	0.976
2025	Río Claro	07108	Maule	7	14276	0.519	0.208	0.474	193	MEDIO BAJO	0.387	BAJO	0.516	MEDIO ALTO	0.52	MEDIO ALTO	0.324	0.129	0.616	0.521
2025	San Clemente	07109	Maule	7	47380	0.523	0.18	0.596	30	ALTO	0.445	MEDIO BAJO	0.587	ALTO	0.756	ALTO	0.898	0.345	1	0.851
2025	San Rafael	07110	Maule	7	11230	0.541	0.12	0.519	127	MEDIO ALTO	0.394	BAJO	0.692	ALTO	0.47	MEDIO BAJO	0.556	0.157	0.456	0.979
2025	Cauquenes	07201	Maule	7	42798	0.544	0.161	0.57	61	ALTO	0.543	MEDIO ALTO	0.561	ALTO	0.607	ALTO	0.789	0.672	0.836	0.778
2025	Chanco	07202	Maule	7	9446	0.513	0.228	0.463	211	MEDIO BAJO	0.369	BAJO	0.471	MEDIO BAJO	0.549	MEDIO ALTO	0.261	0.076	0.708	0.281
2025	Pelluhue	07203	Maule	7	8578	0.538	0.202	0.491	169	MEDIO BAJO	0.504	MEDIO ALTO	0.55	MEDIO ALTO	0.42	BAJO	0.408	0.544	0.25	0.739
2025	Curicó	07301	Maule	7	159968	0.624	0.174	0.603	23	ALTO	0.609	ALTO	0.573	ALTO	0.627	ALTO	0.923	0.863	0.881	0.812
2025	Hualañé	07302	Maule	7	10775	0.516	0.161	0.478	189	MEDIO BAJO	0.404	BAJO	0.531	MEDIO ALTO	0.499	MEDIO ALTO	0.338	0.194	0.562	0.602
2025	Licantén	07303	Maule	7	6892	0.57	0.144	0.523	122	MEDIO ALTO	0.511	MEDIO ALTO	0.578	ALTO	0.479	MEDIO BAJO	0.581	0.576	0.5	0.833
2025	Molina	07304	Maule	7	48949	0.544	0.179	0.549	86	MEDIO ALTO	0.456	MEDIO BAJO	0.575	ALTO	0.616	ALTO	0.704	0.393	0.86	0.819
2025	Rauco	07305	Maule	7	11266	0.539	0.187	0.53	107	MEDIO ALTO	0.465	MEDIO BAJO	0.584	ALTO	0.54	MEDIO ALTO	0.627	0.417	0.688	0.847
2025	Romeral	07306	Maule	7	17233	0.595	0.164	0.494	161	MEDIO BAJO	0.441	MEDIO BAJO	0.505	MEDIO BAJO	0.537	MEDIO ALTO	0.437	0.324	0.679	0.452
2025	Sagrada Familia	07307	Maule	7	19427	0.562	0.166	0.494	162	MEDIO BAJO	0.346	BAJO	0.646	ALTO	0.49	MEDIO ALTO	0.437	0.014	0.539	0.955
2025	Teno	07308	Maule	7	30113	0.545	0.187	0.514	132	MEDIO ALTO	0.406	BAJO	0.539	MEDIO ALTO	0.598	ALTO	0.539	0.205	0.827	0.662
2025	Vichuquén	07309	Maule	7	4716	0.568	0.202	NA	NA	NA	0.463	MEDIO BAJO	NA	NA	0.461	MEDIO BAJO	NA	0.414	0.419	NA
2025	Linares	07401	Maule	7	96744	0.619	0.105	0.563	70	ALTO	0.531	MEDIO ALTO	0.591	ALTO	0.566	MEDIO ALTO	0.761	0.642	0.75	0.865
2025	Colbún	07402	Maule	7	22637	0.566	0.204	0.428	249	BAJO	0.406	BAJO	0.429	BAJO	0.45	MEDIO BAJO	0.128	0.205	0.372	0.174
2025	Longaví	07403	Maule	7	33299	0.492	0.215	0.444	233	BAJO	0.444	MEDIO BAJO	0.508	MEDIO BAJO	0.38	BAJO	0.188	0.342	0.099	0.462
2025	Parral	07404	Maule	7	45323	0.559	0.136	0.549	85	MEDIO ALTO	0.549	MEDIO ALTO	0.521	MEDIO ALTO	0.578	ALTO	0.704	0.68	0.786	0.542
2025	Retiro	07405	Maule	7	22310	0.474	0.189	0.426	253	BAJO	0.471	MEDIO BAJO	0.436	BAJO	0.371	BAJO	0.122	0.429	0.065	0.188
2025	San Javier	07406	Maule	7	49559	0.556	0.155	0.523	121	MEDIO ALTO	0.428	MEDIO BAJO	0.652	ALTO	0.488	MEDIO ALTO	0.581	0.289	0.524	0.965
2025	Villa Alegre	07407	Maule	7	17919	0.574	0.133	0.339	284	BAJO	0.405	BAJO	0.114	BAJO	0.499	MEDIO ALTO	0.007	0.199	0.562	0.007
2025	Yerbas Buenas	07408	Maule	7	20035	0.523	0.167	0.496	159	MEDIO BAJO	0.383	BAJO	0.527	MEDIO ALTO	0.578	ALTO	0.447	0.115	0.786	0.585
2025	Concepción	08101	Biobío	8	230375	0.719	0.115	0.591	37	ALTO	0.678	ALTO	0.512	MEDIO BAJO	0.584	ALTO	0.873	0.956	0.792	0.49
2025	Coronel	08102	Biobío	8	123648	0.609	0.136	0.595	31	ALTO	0.636	ALTO	0.482	MEDIO BAJO	0.665	ALTO	0.894	0.91	0.929	0.329
2025	Chiguayante	08103	Biobío	8	85822	0.711	0.109	0.613	19	ALTO	0.645	ALTO	0.607	ALTO	0.587	ALTO	0.937	0.927	0.804	0.917
2025	Florida	08104	Biobío	8	12958	0.561	0.274	0.351	282	BAJO	0.414	BAJO	0.23	BAJO	0.409	BAJO	0.014	0.23	0.199	0.021
2025	Hualqui	08105	Biobío	8	25795	0.56	0.209	0.524	118	MEDIO ALTO	0.569	MEDIO ALTO	0.426	BAJO	0.578	ALTO	0.588	0.735	0.786	0.17
2025	Lota	08106	Biobío	8	39980	0.569	0.175	0.521	125	MEDIO ALTO	0.627	ALTO	0.546	MEDIO ALTO	0.388	BAJO	0.567	0.892	0.125	0.711
2025	Penco	08107	Biobío	8	48971	0.633	0.115	0.549	87	MEDIO ALTO	0.612	ALTO	0.439	BAJO	0.595	ALTO	0.704	0.872	0.824	0.198
2025	San Pedro de la Paz	08108	Biobío	8	150992	0.723	0.095	0.597	29	ALTO	0.65	ALTO	0.557	ALTO	0.584	ALTO	0.905	0.933	0.792	0.767
2025	Santa Juana	08109	Biobío	8	14947	0.558	0.193	0.477	192	MEDIO BAJO	0.487	MEDIO BAJO	0.563	ALTO	0.38	BAJO	0.331	0.482	0.099	0.781
2025	Talcahuano	08110	Biobío	8	147322	0.674	0.106	0.643	5	ALTO	0.702	ALTO	0.512	MEDIO BAJO	0.715	ALTO	0.986	0.974	0.964	0.49
2025	Tomé	08111	Biobío	8	56907	0.608	0.153	0.63	12	ALTO	0.61	ALTO	0.604	ALTO	0.674	ALTO	0.961	0.869	0.94	0.906
2025	Hualpén	08112	Biobío	8	87731	0.668	0.097	0.557	74	MEDIO ALTO	0.53	MEDIO ALTO	0.497	MEDIO BAJO	0.645	ALTO	0.743	0.637	0.902	0.401
2025	Lebu	08201	Biobío	8	25246	0.54	0.264	0.601	25	ALTO	0.571	MEDIO ALTO	0.656	ALTO	0.575	ALTO	0.915	0.75	0.759	0.969
2025	Arauco	08202	Biobío	8	37163	0.61	0.171	0.555	78	MEDIO ALTO	0.555	MEDIO ALTO	0.603	ALTO	0.508	MEDIO ALTO	0.729	0.698	0.583	0.903
2025	Cañete	08203	Biobío	8	34640	0.503	0.273	0.542	97	MEDIO ALTO	0.481	MEDIO BAJO	0.568	ALTO	0.578	ALTO	0.662	0.461	0.786	0.799
2025	Contulmo	08204	Biobío	8	5905	0.504	0.233	0.439	241	BAJO	0.512	MEDIO ALTO	0.445	BAJO	0.359	BAJO	0.16	0.587	0.048	0.219
2025	Curanilahue	08205	Biobío	8	31119	0.577	0.198	0.533	106	MEDIO ALTO	0.588	ALTO	0.462	BAJO	0.549	MEDIO ALTO	0.634	0.805	0.708	0.25
2025	Los Alamos	08206	Biobío	8	21950	0.519	0.195	0.543	96	MEDIO ALTO	0.565	MEDIO ALTO	0.535	MEDIO ALTO	0.528	MEDIO ALTO	0.669	0.715	0.649	0.623
2025	Tirúa	08207	Biobío	8	10208	0.356	0.341	NA	NA	NA	0.356	BAJO	NA	NA	0.476	MEDIO BAJO	NA	0.025	0.468	NA
2025	Los Angeles	08301	Biobío	8	219441	0.64	0.141	0.597	28	ALTO	0.543	MEDIO ALTO	0.595	ALTO	0.654	ALTO	0.905	0.672	0.911	0.875
2025	Antuco	08302	Biobío	8	4373	0.561	0.136	0.416	258	BAJO	0.363	BAJO	0.403	BAJO	0.481	MEDIO ALTO	0.097	0.056	0.503	0.142
2025	Cabrero	08303	Biobío	8	31256	0.569	0.17	0.453	222	BAJO	0.505	MEDIO ALTO	0.455	BAJO	0.4	BAJO	0.222	0.549	0.185	0.236
2025	Laja	08304	Biobío	8	23706	0.616	0.163	0.486	177	MEDIO BAJO	0.508	MEDIO ALTO	0.513	MEDIO BAJO	0.438	MEDIO BAJO	0.38	0.552	0.323	0.5
2025	Mulchén	08305	Biobío	8	29036	0.553	0.225	0.526	113	MEDIO ALTO	0.509	MEDIO ALTO	0.522	MEDIO ALTO	0.549	MEDIO ALTO	0.606	0.564	0.708	0.553
2025	Nacimiento	08306	Biobío	8	26140	0.616	0.119	0.504	147	MEDIO BAJO	0.548	MEDIO ALTO	0.476	MEDIO BAJO	0.488	MEDIO ALTO	0.5	0.674	0.524	0.298
2025	Negrete	08307	Biobío	8	10723	0.572	0.148	0.457	218	BAJO	0.404	BAJO	0.509	MEDIO BAJO	0.458	MEDIO BAJO	0.236	0.194	0.401	0.476
2025	Quilaco	08308	Biobío	8	4440	0.549	0.179	NA	NA	NA	0.442	MEDIO BAJO	NA	NA	0.467	MEDIO BAJO	NA	0.336	0.43	NA
2025	Quilleco	08309	Biobío	8	9700	0.535	0.18	0.455	220	BAJO	0.346	BAJO	0.53	MEDIO ALTO	0.49	MEDIO ALTO	0.229	0.014	0.539	0.595
2025	San Rosendo	08310	Biobío	8	3575	0.616	0.144	NA	NA	NA	0.494	MEDIO ALTO	NA	NA	0.4	BAJO	NA	0.512	0.185	NA
2025	Santa Bárbara	08311	Biobío	8	14075	0.547	0.18	0.527	111	MEDIO ALTO	0.456	MEDIO BAJO	0.509	MEDIO BAJO	0.616	ALTO	0.616	0.393	0.86	0.476
2025	Tucapel	08312	Biobío	8	15729	0.582	0.152	0.477	191	MEDIO BAJO	0.525	MEDIO ALTO	0.489	MEDIO BAJO	0.416	BAJO	0.331	0.625	0.205	0.356
2025	Yumbel	08313	Biobío	8	23170	0.539	0.161	0.469	200	MEDIO BAJO	0.471	MEDIO BAJO	0.549	MEDIO ALTO	0.388	BAJO	0.299	0.429	0.125	0.736
2025	Alto Biobío	08314	Biobío	8	6016	0.298	0.389	NA	NA	NA	0.362	BAJO	NA	NA	0.45	MEDIO BAJO	NA	0.051	0.372	NA
2025	Temuco	09101	La Araucanía	9	292518	0.687	0.139	0.619	18	ALTO	0.644	ALTO	0.518	MEDIO ALTO	0.694	ALTO	0.944	0.919	0.952	0.528
2025	Carahue	09102	La Araucanía	9	24957	0.438	0.304	0.423	255	BAJO	0.402	BAJO	0.388	BAJO	0.479	MEDIO BAJO	0.108	0.18	0.5	0.118
2025	Cunco	09103	La Araucanía	9	19177	0.477	0.18	0.494	164	MEDIO BAJO	0.461	MEDIO BAJO	0.611	ALTO	0.409	BAJO	0.437	0.411	0.199	0.92
2025	Curarrehue	09104	La Araucanía	9	7733	0.345	0.231	0.373	276	BAJO	0.366	BAJO	0.302	BAJO	0.45	MEDIO BAJO	0.035	0.067	0.372	0.056
2025	Freire	09105	La Araucanía	9	26164	0.491	0.25	0.395	270	BAJO	0.426	MEDIO BAJO	0.288	BAJO	0.47	MEDIO BAJO	0.056	0.28	0.456	0.042
2025	Galvarino	09106	La Araucanía	9	12710	0.405	0.399	0.388	272	BAJO	0.392	BAJO	0.413	BAJO	0.359	BAJO	0.049	0.146	0.048	0.146
2025	Gorbea	09107	La Araucanía	9	14148	0.524	0.198	0.426	252	BAJO	0.452	MEDIO BAJO	0.336	BAJO	0.49	MEDIO ALTO	0.122	0.366	0.539	0.08
2025	Lautaro	09108	La Araucanía	9	41936	0.547	0.195	0.563	69	ALTO	0.521	MEDIO ALTO	0.522	MEDIO ALTO	0.645	ALTO	0.761	0.616	0.902	0.553
2025	Loncoche	09109	La Araucanía	9	25158	0.516	0.157	0.516	131	MEDIO ALTO	0.513	MEDIO ALTO	0.498	MEDIO BAJO	0.537	MEDIO ALTO	0.546	0.596	0.679	0.411
2025	Melipeuco	09110	La Araucanía	9	6796	0.44	0.176	0.286	285	BAJO	0.357	BAJO	0.133	BAJO	0.368	BAJO	0.003	0.037	0.06	0.014
2025	Nueva Imperial	09111	La Araucanía	9	33988	0.486	0.236	0.502	149	MEDIO BAJO	0.459	MEDIO BAJO	0.539	MEDIO ALTO	0.508	MEDIO ALTO	0.479	0.405	0.583	0.662
2025	Padre Las Casas	09112	La Araucanía	9	80656	0.531	0.198	0.481	185	MEDIO BAJO	0.448	MEDIO BAJO	0.486	MEDIO BAJO	0.508	MEDIO ALTO	0.359	0.354	0.583	0.346
2025	Perquenco	09113	La Araucanía	9	7438	0.47	0.232	0.391	271	BAJO	0.442	MEDIO BAJO	0.293	BAJO	0.438	MEDIO BAJO	0.052	0.336	0.323	0.045
2025	Pitrufquén	09114	La Araucanía	9	27041	0.537	0.175	0.551	84	MEDIO ALTO	0.524	MEDIO ALTO	0.541	MEDIO ALTO	0.587	ALTO	0.711	0.622	0.804	0.683
2025	Pucón	09115	La Araucanía	9	32321	0.564	0.201	0.585	46	ALTO	0.55	MEDIO ALTO	0.491	MEDIO BAJO	0.715	ALTO	0.842	0.686	0.964	0.373
2025	Saavedra	09116	La Araucanía	9	12877	0.324	0.445	NA	NA	NA	0.37	BAJO	NA	NA	0.45	MEDIO BAJO	NA	0.081	0.372	NA
2025	Teodoro Schmidt	09117	La Araucanía	9	15639	0.358	0.259	NA	NA	NA	0.414	BAJO	NA	NA	0.4	BAJO	NA	0.23	0.185	NA
2025	Toltén	09118	La Araucanía	9	10041	0.444	0.267	NA	NA	NA	0.393	BAJO	0.283	BAJO	NA	NA	NA	0.152	NA	0.035
2025	Vilcún	09119	La Araucanía	9	31575	0.532	0.227	0.473	197	MEDIO BAJO	0.439	MEDIO BAJO	0.52	MEDIO ALTO	0.459	MEDIO BAJO	0.313	0.318	0.407	0.535
2025	Villarrica	09120	La Araucanía	9	67737	0.563	0.157	0.552	80	MEDIO ALTO	0.567	MEDIO ALTO	0.512	MEDIO BAJO	0.578	ALTO	0.722	0.733	0.786	0.49
2025	Cholchol	09121	La Araucanía	9	13167	0.382	0.365	0.399	267	BAJO	0.382	BAJO	0.373	BAJO	0.441	MEDIO BAJO	0.069	0.112	0.34	0.101
2025	Angol	09201	La Araucanía	9	53022	0.625	0.196	0.583	49	ALTO	0.598	ALTO	0.614	ALTO	0.537	MEDIO ALTO	0.831	0.837	0.679	0.931
2025	Collipulli	09202	La Araucanía	9	24303	0.52	0.221	0.533	105	MEDIO ALTO	0.502	MEDIO ALTO	0.541	MEDIO ALTO	0.557	MEDIO ALTO	0.634	0.538	0.735	0.683
2025	Curacautín	09203	La Araucanía	9	18536	0.547	0.189	0.484	179	MEDIO BAJO	0.515	MEDIO ALTO	0.43	BAJO	0.508	MEDIO ALTO	0.373	0.608	0.583	0.177
2025	Ercilla	09204	La Araucanía	9	7730	0.374	0.416	NA	NA	NA	0.449	MEDIO BAJO	NA	NA	0.42	BAJO	NA	0.357	0.25	NA
2025	Lonquimay	09205	La Araucanía	9	10247	0.424	0.32	0.386	273	BAJO	0.357	BAJO	0.373	BAJO	0.429	MEDIO BAJO	0.045	0.037	0.285	0.101
2025	Los Sauces	09206	La Araucanía	9	7348	0.493	0.255	NA	NA	NA	0.479	MEDIO BAJO	NA	NA	0.488	MEDIO ALTO	NA	0.455	0.524	NA
2025	Lumaco	09207	La Araucanía	9	9253	0.441	0.341	0.365	279	BAJO	0.357	BAJO	0.398	BAJO	0.339	BAJO	0.024	0.037	0.028	0.132
2025	Purén	09208	La Araucanía	9	12184	0.49	0.309	0.434	243	BAJO	0.476	MEDIO BAJO	0.446	BAJO	0.38	BAJO	0.153	0.44	0.099	0.222
2025	Renaico	09209	La Araucanía	9	10686	0.55	0.166	0.425	254	BAJO	0.438	MEDIO BAJO	0.417	BAJO	0.42	BAJO	0.111	0.315	0.25	0.153
2025	Traiguén	09210	La Araucanía	9	18873	0.537	0.211	0.57	62	ALTO	0.498	MEDIO ALTO	0.716	ALTO	0.496	MEDIO ALTO	0.789	0.529	0.545	0.986
2025	Victoria	09211	La Araucanía	9	34464	0.577	0.193	0.536	103	MEDIO ALTO	0.557	MEDIO ALTO	0.592	ALTO	0.459	MEDIO BAJO	0.641	0.701	0.407	0.868
2025	Puerto Montt	10101	Los Lagos	10	277040	0.652	0.155	0.593	32	ALTO	0.577	ALTO	0.527	MEDIO ALTO	0.674	ALTO	0.891	0.765	0.94	0.585
2025	Calbuco	10102	Los Lagos	10	36474	0.537	0.331	0.382	274	BAJO	0.454	MEDIO BAJO	0.284	BAJO	0.409	BAJO	0.042	0.381	0.199	0.038
2025	Cochamó	10103	Los Lagos	10	4199	0.497	0.227	NA	NA	NA	0.403	BAJO	NA	NA	0.418	BAJO	NA	0.185	0.213	NA
2025	Fresia	10104	Los Lagos	10	12320	0.497	0.286	0.448	227	BAJO	0.41	BAJO	0.465	MEDIO BAJO	0.47	MEDIO BAJO	0.205	0.219	0.456	0.26
2025	Frutillar	10105	Los Lagos	10	22554	0.592	0.203	0.473	196	MEDIO BAJO	0.529	MEDIO ALTO	0.381	BAJO	0.508	MEDIO ALTO	0.313	0.634	0.583	0.111
2025	Los Muermos	10106	Los Lagos	10	17162	0.494	0.292	0.467	206	MEDIO BAJO	0.404	BAJO	0.547	MEDIO ALTO	0.45	MEDIO BAJO	0.282	0.194	0.372	0.718
2025	Llanquihue	10107	Los Lagos	10	18088	0.635	0.18	0.528	108	MEDIO ALTO	0.539	MEDIO ALTO	0.532	MEDIO ALTO	0.514	MEDIO ALTO	0.623	0.663	0.586	0.613
2025	Maullín	10108	Los Lagos	10	15063	0.495	0.302	0.348	283	BAJO	0.407	BAJO	0.099	BAJO	0.537	MEDIO ALTO	0.01	0.208	0.679	0.003
2025	Puerto Varas	10109	Los Lagos	10	52942	0.729	0.14	0.587	42	ALTO	0.592	ALTO	0.503	MEDIO BAJO	0.665	ALTO	0.859	0.817	0.929	0.438
2025	Castro	10201	Los Lagos	10	46997	0.618	0.182	0.504	146	MEDIO BAJO	0.532	MEDIO ALTO	0.423	BAJO	0.557	MEDIO ALTO	0.5	0.651	0.735	0.156
2025	Ancud	10202	Los Lagos	10	40949	0.586	0.23	0.516	130	MEDIO ALTO	0.5	MEDIO ALTO	0.433	BAJO	0.616	ALTO	0.546	0.535	0.86	0.181
2025	Chonchi	10203	Los Lagos	10	16078	0.574	0.284	0.44	238	BAJO	0.42	MEDIO BAJO	0.443	BAJO	0.458	MEDIO BAJO	0.167	0.262	0.401	0.212
2025	Curaco de Vélez	10204	Los Lagos	10	3662	0.605	0.263	0.366	278	BAJO	0.384	BAJO	0.324	BAJO	0.388	BAJO	0.028	0.118	0.125	0.062
2025	Dalcahue	10205	Los Lagos	10	14894	0.544	0.286	NA	NA	NA	0.426	MEDIO BAJO	NA	NA	0.438	MEDIO BAJO	NA	0.28	0.323	NA
2025	Puqueldón	10206	Los Lagos	10	4048	0.494	0.242	NA	NA	NA	0.366	BAJO	NA	NA	0.461	MEDIO BAJO	NA	0.067	0.419	NA
2025	Queilén	10207	Los Lagos	10	5690	0.524	0.293	NA	NA	NA	0.408	BAJO	NA	NA	0.38	BAJO	NA	0.213	0.099	NA
2025	Quellón	10208	Los Lagos	10	28460	0.544	0.299	0.451	223	BAJO	0.446	MEDIO BAJO	0.479	MEDIO BAJO	0.429	MEDIO BAJO	0.219	0.348	0.285	0.318
2025	Quemchi	10209	Los Lagos	10	8409	0.48	0.234	NA	NA	NA	0.409	BAJO	NA	NA	0.42	BAJO	NA	0.216	0.25	NA
2025	Quinchao	10210	Los Lagos	10	7678	0.569	0.252	0.467	205	MEDIO BAJO	0.391	BAJO	0.591	ALTO	0.42	BAJO	0.282	0.143	0.25	0.865
2025	Osorno	10301	Los Lagos	10	166455	0.635	0.142	0.578	55	ALTO	0.604	ALTO	0.504	MEDIO BAJO	0.625	ALTO	0.817	0.849	0.875	0.442
2025	Puerto Octay	10302	Los Lagos	10	8865	0.512	0.307	NA	NA	NA	0.417	BAJO	NA	NA	0.4	BAJO	NA	0.25	0.185	NA
2025	Purranque	10303	Los Lagos	10	19542	0.544	0.258	0.488	173	MEDIO BAJO	0.497	MEDIO ALTO	0.508	MEDIO BAJO	0.458	MEDIO BAJO	0.398	0.517	0.401	0.462
2025	Puyehue	10304	Los Lagos	10	11712	0.539	0.239	0.49	171	MEDIO BAJO	0.441	MEDIO BAJO	0.552	MEDIO ALTO	0.479	MEDIO BAJO	0.401	0.324	0.5	0.743
2025	Río Negro	10305	Los Lagos	10	13874	0.561	0.23	0.493	165	MEDIO BAJO	0.457	MEDIO BAJO	0.543	MEDIO ALTO	0.479	MEDIO BAJO	0.423	0.402	0.5	0.69
2025	San Juan de la Costa	10306	Los Lagos	10	7776	0.302	0.389	NA	NA	NA	0.345	BAJO	NA	NA	0.54	MEDIO ALTO	NA	0.008	0.688	NA
2025	San Pablo	10307	Los Lagos	10	10883	0.568	0.255	NA	NA	NA	0.454	MEDIO BAJO	NA	NA	0.388	BAJO	NA	0.381	0.125	NA
2025	Chaitén	10401	Los Lagos	10	4025	0.602	0.247	NA	NA	NA	0.489	MEDIO BAJO	NA	NA	0.359	BAJO	NA	0.488	0.048	NA
2025	Futaleufú	10402	Los Lagos	10	3062	0.565	0.227	0.443	234	BAJO	0.567	MEDIO ALTO	0.381	BAJO	0.38	BAJO	0.181	0.733	0.099	0.111
2025	Hualaihue	10403	Los Lagos	10	9480	0.561	0.262	NA	NA	NA	0.389	BAJO	NA	NA	0.409	BAJO	NA	0.135	0.199	NA
2025	Palena	10404	Los Lagos	10	1903	0.616	0.205	NA	NA	NA	0.532	MEDIO ALTO	NA	NA	0.397	BAJO	NA	0.651	0.139	NA
2025	Coyhaique	11101	Aysén del General Carlos Ibáñez del Campo	11	57823	0.7	0.14	0.552	81	MEDIO ALTO	0.582	ALTO	0.538	MEDIO ALTO	0.537	MEDIO ALTO	0.722	0.785	0.679	0.641
2025	Lago Verde	11102	Aysén del General Carlos Ibáñez del Campo	11	779	0.632	0.18	NA	NA	NA	0.49	MEDIO BAJO	NA	NA	0.4	BAJO	NA	0.494	0.185	NA
2025	Aisén	11201	Aysén del General Carlos Ibáñez del Campo	11	23170	0.658	0.128	0.557	75	MEDIO ALTO	0.57	MEDIO ALTO	0.536	MEDIO ALTO	0.566	MEDIO ALTO	0.743	0.741	0.75	0.637
2025	Cisnes	11202	Aysén del General Carlos Ibáñez del Campo	11	5137	0.644	0.123	0.555	79	MEDIO ALTO	0.586	ALTO	0.65	ALTO	0.429	MEDIO BAJO	0.729	0.797	0.285	0.958
2025	Guaitecas	11203	Aysén del General Carlos Ibáñez del Campo	11	1598	0.527	0.222	NA	NA	NA	0.425	MEDIO BAJO	NA	NA	0.467	MEDIO BAJO	NA	0.271	0.43	NA
2025	Cochrane	11301	Aysén del General Carlos Ibáñez del Campo	11	3458	0.657	0.143	0.497	157	MEDIO BAJO	0.553	MEDIO ALTO	0.539	MEDIO ALTO	0.4	BAJO	0.451	0.689	0.185	0.662
2025	O'Higgins	11302	Aysén del General Carlos Ibáñez del Campo	11	647	0.664	0.121	NA	NA	NA	0.587	ALTO	NA	NA	0.47	MEDIO BAJO	NA	0.799	0.456	NA
2025	Tortel	11303	Aysén del General Carlos Ibáñez del Campo	11	505	0.581	0.123	NA	NA	NA	0.365	BAJO	NA	NA	0.42	BAJO	NA	0.062	0.25	NA
2025	Chile Chico	11401	Aysén del General Carlos Ibáñez del Campo	11	4905	0.6	0.163	0.483	182	MEDIO BAJO	0.489	MEDIO BAJO	0.559	ALTO	0.4	BAJO	0.366	0.488	0.185	0.771
2025	Río Ibáñez	11402	Aysén del General Carlos Ibáñez del Campo	11	2723	0.536	0.188	NA	NA	NA	0.492	MEDIO ALTO	NA	NA	0.479	MEDIO BAJO	NA	0.506	0.5	NA
2025	Punta Arenas	12101	Magallanes y de la Antártica Chilena	12	132363	0.711	0.071	0.587	41	ALTO	0.647	ALTO	0.479	MEDIO BAJO	0.636	ALTO	0.859	0.93	0.893	0.318
2025	Laguna Blanca	12102	Magallanes y de la Antártica Chilena	12	269	0.733	0.004	NA	NA	NA	0.424	MEDIO BAJO	NA	NA	0.4	BAJO	NA	0.268	0.185	NA
2025	Río Verde	12103	Magallanes y de la Antártica Chilena	12	102	NA	0.001	NA	NA	NA	0.342	BAJO	NA	NA	0.339	BAJO	NA	0.003	0.028	NA
2025	San Gregorio	12104	Magallanes y de la Antártica Chilena	12	241	0.637	0.094	NA	NA	NA	0.512	MEDIO ALTO	NA	NA	0.482	MEDIO ALTO	NA	0.587	0.509	NA
2025	Cabo de Hornos	12201	Magallanes y de la Antártica Chilena	12	1750	0.791	0.016	NA	NA	NA	0.487	MEDIO BAJO	NA	NA	0.438	MEDIO BAJO	NA	0.482	0.323	NA
2025	Porvenir	12301	Magallanes y de la Antártica Chilena	12	6809	0.734	0.124	0.541	100	MEDIO ALTO	0.595	ALTO	0.599	ALTO	0.429	MEDIO BAJO	0.655	0.831	0.285	0.892
2025	Primavera	12302	Magallanes y de la Antártica Chilena	12	431	0.743	0.08	NA	NA	NA	0.426	MEDIO BAJO	NA	NA	0.339	BAJO	NA	0.28	0.028	NA
2025	Timaukel	12303	Magallanes y de la Antártica Chilena	12	157	NA	0.034	NA	NA	NA	0.542	MEDIO ALTO	NA	NA	0.441	MEDIO BAJO	NA	0.666	0.34	NA
2025	Natales	12401	Magallanes y de la Antártica Chilena	12	24152	0.65	0.046	0.52	126	MEDIO ALTO	0.645	ALTO	0.445	BAJO	0.47	MEDIO BAJO	0.56	0.927	0.456	0.219
2025	Torres del Paine	12402	Magallanes y de la Antártica Chilena	12	203	NA	0.033	NA	NA	NA	0.966	ALTO	NA	NA	0.528	MEDIO ALTO	NA	1	0.649	NA
2025	Santiago	13101	Metropolitana de Santiago	13	438856	0.662	0.165	0.593	33	ALTO	0.684	ALTO	0.478	MEDIO BAJO	0.616	ALTO	0.891	0.968	0.86	0.308
2025	Cerrillos	13102	Metropolitana de Santiago	13	85041	0.633	0.226	0.568	64	ALTO	0.597	ALTO	0.521	MEDIO ALTO	0.587	ALTO	0.778	0.834	0.804	0.542
2025	Cerro Navia	13103	Metropolitana de Santiago	13	127250	0.521	0.23	0.566	67	ALTO	0.554	MEDIO ALTO	0.567	ALTO	0.578	ALTO	0.768	0.695	0.786	0.792
2025	Conchalí	13104	Metropolitana de Santiago	13	121587	0.587	0.187	0.556	77	MEDIO ALTO	0.586	ALTO	0.527	MEDIO ALTO	0.555	MEDIO ALTO	0.732	0.797	0.717	0.585
2025	El Bosque	13105	Metropolitana de Santiago	13	155257	0.572	0.175	0.542	98	MEDIO ALTO	0.578	ALTO	0.5	MEDIO BAJO	0.549	MEDIO ALTO	0.662	0.773	0.708	0.428
2025	Estación Central	13106	Metropolitana de Santiago	13	181049	0.594	0.228	0.525	115	MEDIO ALTO	0.63	ALTO	0.468	MEDIO BAJO	0.476	MEDIO BAJO	0.602	0.901	0.468	0.267
2025	Huechuraba	13107	Metropolitana de Santiago	13	101808	0.75	0.186	0.584	48	ALTO	0.59	ALTO	0.597	ALTO	0.566	MEDIO ALTO	0.835	0.808	0.75	0.889
2025	Independencia	13108	Metropolitana de Santiago	13	116943	0.576	0.224	NA	NA	NA	0.619	ALTO	0.583	ALTO	NA	NA	NA	0.878	NA	0.844
2025	La Cisterna	13109	Metropolitana de Santiago	13	103157	0.66	0.135	0.632	11	ALTO	0.668	ALTO	0.553	MEDIO ALTO	0.674	ALTO	0.965	0.945	0.94	0.75
2025	La Florida	13110	Metropolitana de Santiago	13	374836	0.701	0.132	0.637	8	ALTO	0.645	ALTO	0.53	MEDIO ALTO	0.735	ALTO	0.979	0.927	0.985	0.595
2025	La Granja	13111	Metropolitana de Santiago	13	112022	0.568	0.223	0.607	21	ALTO	0.565	MEDIO ALTO	0.6	ALTO	0.657	ALTO	0.93	0.715	0.92	0.896
2025	La Pintana	13112	Metropolitana de Santiago	13	175421	0.498	0.27	0.524	119	MEDIO ALTO	0.427	MEDIO BAJO	0.549	MEDIO ALTO	0.595	ALTO	0.588	0.286	0.824	0.736
2025	La Reina	13113	Metropolitana de Santiago	13	89870	0.862	0.049	0.634	10	ALTO	0.644	ALTO	0.525	MEDIO ALTO	0.732	ALTO	0.968	0.919	0.982	0.563
2025	Las Condes	13114	Metropolitana de Santiago	13	296134	0.936	0.044	0.669	2	ALTO	0.719	ALTO	0.565	ALTO	0.724	ALTO	0.996	0.985	0.973	0.788
2025	Lo Barnechea	13115	Metropolitana de Santiago	13	112620	0.909	0.109	0.623	16	ALTO	0.583	ALTO	0.553	MEDIO ALTO	0.732	ALTO	0.947	0.788	0.982	0.75
2025	Lo Espejo	13116	Metropolitana de Santiago	13	87295	0.5	0.288	0.504	144	MEDIO BAJO	0.512	MEDIO ALTO	0.485	MEDIO BAJO	0.517	MEDIO ALTO	0.5	0.587	0.601	0.336
2025	Lo Prado	13117	Metropolitana de Santiago	13	91290	0.58	0.193	0.538	102	MEDIO ALTO	0.578	ALTO	0.5	MEDIO BAJO	0.537	MEDIO ALTO	0.644	0.773	0.679	0.428
2025	Macul	13118	Metropolitana de Santiago	13	123800	0.732	0.134	0.59	40	ALTO	0.672	ALTO	0.49	MEDIO BAJO	0.607	ALTO	0.866	0.948	0.836	0.363
2025	Maipú	13119	Metropolitana de Santiago	13	503635	0.7	0.148	0.625	15	ALTO	0.624	ALTO	0.497	MEDIO BAJO	0.753	ALTO	0.954	0.884	0.997	0.401
2025	Ñuñoa	13120	Metropolitana de Santiago	13	241467	0.858	0.052	0.668	3	ALTO	0.762	ALTO	0.499	MEDIO BAJO	0.744	ALTO	0.993	0.991	0.994	0.414
2025	Pedro Aguirre Cerda	13121	Metropolitana de Santiago	13	96062	0.564	0.202	0.635	9	ALTO	0.579	ALTO	0.632	ALTO	0.694	ALTO	0.972	0.782	0.952	0.948
2025	Peñalolén	13122	Metropolitana de Santiago	13	236478	0.702	0.166	0.586	44	ALTO	0.571	MEDIO ALTO	0.493	MEDIO BAJO	0.694	ALTO	0.849	0.75	0.952	0.377
2025	Providencia	13123	Metropolitana de Santiago	13	143974	0.886	0.043	0.679	1	ALTO	0.778	ALTO	0.526	MEDIO ALTO	0.732	ALTO	1	0.994	0.982	0.57
2025	Pudahuel	13124	Metropolitana de Santiago	13	227820	0.644	0.169	0.626	13	ALTO	0.594	ALTO	0.539	MEDIO ALTO	0.744	ALTO	0.958	0.826	0.994	0.662
2025	Quilicura	13125	Metropolitana de Santiago	13	205624	0.656	0.17	0.565	68	ALTO	0.576	ALTO	0.533	MEDIO ALTO	0.587	ALTO	0.764	0.762	0.804	0.616
2025	Quinta Normal	13126	Metropolitana de Santiago	13	129351	0.604	0.197	0.619	17	ALTO	0.602	ALTO	0.511	MEDIO BAJO	0.744	ALTO	0.944	0.843	0.994	0.479
2025	Recoleta	13127	Metropolitana de Santiago	13	154615	0.59	0.212	0.592	36	ALTO	0.575	ALTO	0.575	ALTO	0.625	ALTO	0.884	0.756	0.875	0.819
2025	Renca	13128	Metropolitana de Santiago	13	143622	0.585	0.195	0.525	117	MEDIO ALTO	0.561	MEDIO ALTO	0.458	BAJO	0.555	MEDIO ALTO	0.602	0.706	0.717	0.247
2025	San Joaquín	13129	Metropolitana de Santiago	13	95602	0.611	0.196	0.58	52	ALTO	0.591	ALTO	0.424	BAJO	0.724	ALTO	0.824	0.811	0.973	0.163
2025	San Miguel	13130	Metropolitana de Santiago	13	150829	0.727	0.129	0.606	22	ALTO	0.701	ALTO	0.522	MEDIO ALTO	0.595	ALTO	0.926	0.971	0.824	0.553
2025	San Ramón	13131	Metropolitana de Santiago	13	76002	0.54	0.192	0.541	99	MEDIO ALTO	0.529	MEDIO ALTO	0.697	ALTO	0.397	BAJO	0.655	0.634	0.139	0.983
2025	Vitacura	13132	Metropolitana de Santiago	13	86420	0.961	0.024	0.637	7	ALTO	0.703	ALTO	0.547	MEDIO ALTO	0.662	ALTO	0.979	0.977	0.923	0.718
2025	Puente Alto	13201	Metropolitana de Santiago	13	568086	0.662	0.189	0.61	20	ALTO	0.593	ALTO	0.513	MEDIO BAJO	0.724	ALTO	0.933	0.82	0.973	0.5
2025	Pirque	13202	Metropolitana de Santiago	13	29060	0.697	0.194	0.527	110	MEDIO ALTO	0.442	MEDIO BAJO	0.595	ALTO	0.546	MEDIO ALTO	0.616	0.336	0.693	0.875
2025	San José de Maipo	13203	Metropolitana de Santiago	13	17441	0.66	0.244	0.466	208	MEDIO BAJO	0.417	BAJO	0.503	MEDIO BAJO	0.479	MEDIO BAJO	0.271	0.25	0.5	0.438
2025	Colina	13301	Metropolitana de Santiago	13	173293	0.745	0.246	0.587	43	ALTO	0.549	MEDIO ALTO	0.557	ALTO	0.654	ALTO	0.859	0.68	0.911	0.767
2025	Lampa	13302	Metropolitana de Santiago	13	145160	0.648	0.256	0.568	65	ALTO	0.503	MEDIO ALTO	0.526	MEDIO ALTO	0.674	ALTO	0.778	0.541	0.94	0.57
2025	Til Til	13303	Metropolitana de Santiago	13	19742	0.664	0.289	0.413	259	BAJO	0.509	MEDIO ALTO	0.238	BAJO	0.49	MEDIO ALTO	0.094	0.564	0.539	0.024
2025	San Bernardo	13401	Metropolitana de Santiago	13	306371	0.606	0.187	0.592	35	ALTO	0.554	MEDIO ALTO	0.536	MEDIO ALTO	0.686	ALTO	0.884	0.695	0.943	0.637
2025	Buin	13402	Metropolitana de Santiago	13	116969	0.655	0.191	0.544	94	MEDIO ALTO	0.521	MEDIO ALTO	0.496	MEDIO BAJO	0.616	ALTO	0.673	0.616	0.86	0.39
2025	Calera de Tango	13403	Metropolitana de Santiago	13	25491	0.699	0.186	0.501	152	MEDIO BAJO	0.477	MEDIO BAJO	0.498	MEDIO BAJO	0.528	MEDIO ALTO	0.475	0.452	0.649	0.411
2025	Paine	13404	Metropolitana de Santiago	13	78828	0.598	0.209	0.523	120	MEDIO ALTO	0.437	MEDIO BAJO	0.576	ALTO	0.557	MEDIO ALTO	0.581	0.312	0.735	0.823
2025	Melipilla	13501	Metropolitana de Santiago	13	136325	0.573	0.228	0.551	83	MEDIO ALTO	0.475	MEDIO BAJO	0.545	MEDIO ALTO	0.633	ALTO	0.711	0.438	0.884	0.701
2025	Alhué	13502	Metropolitana de Santiago	13	7768	0.6	0.291	0.486	178	MEDIO BAJO	0.681	ALTO	0.336	BAJO	0.441	MEDIO BAJO	0.38	0.959	0.34	0.08
2025	Curacaví	13503	Metropolitana de Santiago	13	35165	0.618	0.258	0.547	90	MEDIO ALTO	0.448	MEDIO BAJO	0.597	ALTO	0.595	ALTO	0.687	0.354	0.824	0.889
2025	María Pinto	13504	Metropolitana de Santiago	13	15352	0.607	0.272	NA	NA	NA	0.526	MEDIO ALTO	NA	NA	0.488	MEDIO ALTO	NA	0.628	0.524	NA
2025	San Pedro	13505	Metropolitana de Santiago	13	11108	0.534	0.319	NA	NA	NA	0.38	BAJO	NA	NA	0.528	MEDIO ALTO	NA	0.104	0.649	NA
2025	Talagante	13601	Metropolitana de Santiago	13	76429	0.65	0.17	0.592	34	ALTO	0.538	MEDIO ALTO	0.582	ALTO	0.657	ALTO	0.884	0.66	0.92	0.84
2025	El Monte	13602	Metropolitana de Santiago	13	37497	0.594	0.23	0.478	190	MEDIO BAJO	0.513	MEDIO ALTO	0.5	MEDIO BAJO	0.42	BAJO	0.338	0.596	0.25	0.428
2025	Isla de Maipo	13603	Metropolitana de Santiago	13	39274	0.628	0.229	0.439	240	BAJO	0.49	MEDIO BAJO	0.328	BAJO	0.499	MEDIO ALTO	0.16	0.494	0.562	0.066
2025	Padre Hurtado	13604	Metropolitana de Santiago	13	81243	0.655	0.196	0.545	93	MEDIO ALTO	0.595	ALTO	0.621	ALTO	0.42	BAJO	0.676	0.831	0.25	0.944
2025	Peñaflor	13605	Metropolitana de Santiago	13	94402	0.661	0.151	0.601	26	ALTO	0.578	ALTO	0.588	ALTO	0.636	ALTO	0.915	0.773	0.893	0.854
2025	Valdivia	14101	Los Ríos	14	170043	0.678	0.139	0.602	24	ALTO	0.626	ALTO	0.465	MEDIO BAJO	0.715	ALTO	0.919	0.89	0.964	0.26
2025	Corral	14102	Los Ríos	14	5501	0.507	0.232	0.367	277	BAJO	0.4	BAJO	0.223	BAJO	0.479	MEDIO BAJO	0.031	0.174	0.5	0.017
2025	Lanco	14103	Los Ríos	14	16876	0.53	0.156	0.548	89	MEDIO ALTO	0.487	MEDIO BAJO	0.619	ALTO	0.537	MEDIO ALTO	0.694	0.482	0.679	0.941
2025	Los Lagos	14104	Los Ríos	14	21431	0.512	0.241	0.501	153	MEDIO BAJO	0.435	MEDIO BAJO	0.605	ALTO	0.461	MEDIO BAJO	0.475	0.307	0.419	0.913
2025	Mafil	14105	Los Ríos	14	8074	0.538	0.229	0.407	263	BAJO	0.477	MEDIO BAJO	0.347	BAJO	0.397	BAJO	0.08	0.452	0.139	0.09
2025	Mariquina	14106	Los Ríos	14	22973	0.516	0.266	0.457	219	BAJO	0.477	MEDIO BAJO	0.472	MEDIO BAJO	0.42	BAJO	0.236	0.452	0.25	0.288
2025	Paillaco	14107	Los Ríos	14	19802	0.529	0.172	0.498	156	MEDIO BAJO	0.472	MEDIO BAJO	0.473	MEDIO BAJO	0.549	MEDIO ALTO	0.454	0.432	0.708	0.291
2025	Panguipulli	14108	Los Ríos	14	35098	0.482	0.251	0.508	138	MEDIO ALTO	0.451	MEDIO BAJO	0.545	MEDIO ALTO	0.528	MEDIO ALTO	0.518	0.36	0.649	0.701
2025	La Unión	14201	Los Ríos	14	38907	0.579	0.186	0.541	101	MEDIO ALTO	0.55	MEDIO ALTO	0.497	MEDIO BAJO	0.575	ALTO	0.655	0.686	0.759	0.401
2025	Futrono	14202	Los Ríos	14	15635	0.493	0.191	0.504	145	MEDIO BAJO	0.403	BAJO	0.491	MEDIO BAJO	0.619	ALTO	0.5	0.185	0.866	0.373
2025	Lago Ranco	14203	Los Ríos	14	10527	0.459	0.354	0.488	175	MEDIO BAJO	0.387	BAJO	0.498	MEDIO BAJO	0.578	ALTO	0.398	0.129	0.786	0.411
2025	Río Bueno	14204	Los Ríos	14	33363	0.623	0.21	0.548	88	MEDIO ALTO	0.491	MEDIO BAJO	0.618	ALTO	0.534	MEDIO ALTO	0.694	0.5	0.652	0.938
2025	Arica	15101	Arica y Parinacota	15	241653	0.633	0.183	0.586	45	ALTO	0.57	MEDIO ALTO	0.572	ALTO	0.616	ALTO	0.849	0.741	0.86	0.806
2025	Camarones	15102	Arica y Parinacota	15	861	0.58	0.37	NA	NA	NA	0.372	BAJO	NA	NA	0.429	MEDIO BAJO	NA	0.093	0.285	NA
2025	Putre	15201	Arica y Parinacota	15	1547	NA	0.309	NA	NA	NA	0.364	BAJO	NA	NA	0.409	BAJO	NA	0.059	0.199	NA
2025	General Lagos	15202	Arica y Parinacota	15	508	NA	0.586	NA	NA	NA	0.377	BAJO	NA	NA	0.488	MEDIO ALTO	NA	0.098	0.524	NA
2025	Chillán	16101	Ñuble	16	190382	0.646	0.127	0.591	38	ALTO	0.641	ALTO	0.556	ALTO	0.575	ALTO	0.873	0.913	0.759	0.76
2025	Bulnes	16102	Ñuble	16	23863	0.548	0.101	0.46	214	BAJO	0.474	MEDIO BAJO	0.448	BAJO	0.458	MEDIO BAJO	0.25	0.435	0.401	0.226
2025	Chillán Viejo	16103	Ñuble	16	32688	0.613	0.152	0.527	112	MEDIO ALTO	0.452	MEDIO BAJO	0.571	ALTO	0.557	MEDIO ALTO	0.616	0.366	0.735	0.802
2025	El Carmen	16104	Ñuble	16	13186	0.472	0.19	0.447	228	BAJO	0.372	BAJO	0.491	MEDIO BAJO	0.479	MEDIO BAJO	0.201	0.093	0.5	0.373
2025	Pemuco	16105	Ñuble	16	8930	0.497	0.201	0.493	166	MEDIO BAJO	0.418	MEDIO BAJO	0.601	ALTO	0.458	MEDIO BAJO	0.423	0.256	0.401	0.899
2025	Pinto	16106	Ñuble	16	12502	0.521	0.225	0.499	154	MEDIO BAJO	0.491	MEDIO BAJO	0.577	ALTO	0.429	MEDIO BAJO	0.461	0.5	0.285	0.826
2025	Quillón	16107	Ñuble	16	19165	0.529	0.12	0.495	160	MEDIO BAJO	0.487	MEDIO BAJO	0.529	MEDIO ALTO	0.47	MEDIO BAJO	0.44	0.482	0.456	0.588
2025	San Ignacio	16108	Ñuble	16	17405	0.437	0.216	0.451	224	BAJO	0.397	BAJO	0.536	MEDIO ALTO	0.42	BAJO	0.219	0.16	0.25	0.637
2025	Yungay	16109	Ñuble	16	18680	0.569	0.128	0.46	215	BAJO	0.486	MEDIO BAJO	0.424	BAJO	0.47	MEDIO BAJO	0.25	0.47	0.456	0.163
2025	Quirihue	16201	Ñuble	16	11746	0.554	0.189	0.426	251	BAJO	0.416	BAJO	0.442	BAJO	0.42	BAJO	0.122	0.239	0.25	0.205
2025	Cobquecura	16202	Ñuble	16	5495	0.506	0.243	0.399	268	BAJO	0.454	MEDIO BAJO	0.321	BAJO	0.42	BAJO	0.069	0.381	0.25	0.059
2025	Coelemu	16203	Ñuble	16	15895	0.566	0.184	0.459	216	BAJO	0.499	MEDIO ALTO	0.44	BAJO	0.438	MEDIO BAJO	0.243	0.532	0.323	0.201
2025	Ninhue	16204	Ñuble	16	5763	0.436	0.214	0.446	230	BAJO	0.393	BAJO	0.546	MEDIO ALTO	0.4	BAJO	0.194	0.152	0.185	0.711
2025	Portezuelo	16205	Ñuble	16	5203	0.444	0.208	NA	NA	NA	0.381	BAJO	NA	NA	0.388	BAJO	NA	0.107	0.125	NA
2025	Ranquil	16206	Ñuble	16	6508	0.578	0.155	0.408	262	BAJO	0.417	BAJO	0.347	BAJO	0.461	MEDIO BAJO	0.083	0.25	0.419	0.09
2025	Treguaco	16207	Ñuble	16	6124	0.487	0.188	NA	NA	NA	0.399	BAJO	NA	NA	0.38	BAJO	NA	0.163	0.099	NA
2025	San Carlos	16301	Ñuble	16	55847	0.549	0.151	0.487	176	MEDIO BAJO	0.481	MEDIO BAJO	0.503	MEDIO BAJO	0.476	MEDIO BAJO	0.384	0.461	0.468	0.438
2025	Coihueco	16302	Ñuble	16	29766	0.496	0.245	0.479	187	MEDIO BAJO	0.378	BAJO	0.561	ALTO	0.499	MEDIO ALTO	0.345	0.101	0.562	0.778
2025	Ñiquén	16303	Ñuble	16	12797	0.582	0.192	0.359	280	BAJO	0.361	BAJO	0.268	BAJO	0.45	MEDIO BAJO	0.021	0.048	0.372	0.028
2025	San Fabián	16304	Ñuble	16	5245	0.503	0.15	0.38	275	BAJO	0.457	MEDIO BAJO	0.302	BAJO	0.38	BAJO	0.038	0.402	0.099	0.056
2025	San Nicolás	16305	Ñuble	16	15099	0.546	0.197	0.513	133	MEDIO ALTO	0.369	BAJO	0.663	ALTO	0.508	MEDIO ALTO	0.535	0.076	0.583	0.972
